"song","lyrics","album","composer","titulo_tratado"
"I Saw Her Standing There","One, two, three, four! Well, she was just seventeen And you know what I mean And the way she looked Was way beyond compare So how could I dance with another? (Oh) When I saw her standin' there Well, she looked at me And I, I could see That before too long I'd fall in love with her She wouldn't dance with another (whoo) When I saw her standing there Well, my heart went boom When I crossed that room And I held her hand in mine Whoah, we danced through the night And we held each other tight And before too long I fell in love with her Now, I'll never dance with another (whoo) Since I saw her standing there Well, my heart went boom When I crossed that room And I held her hand in mine Oh, we danced through the night And we held each other tight And before too long I fell in love with her Now, I'll never dance with another (whoo) Since I saw her standing there Oh, since I saw her standing there Yeah, well, since I saw her standing there","Please Please Me","John Lennon / Paul McCartney","i saw her standing there"
"Misery","The world is treating me bad misery I'm the kind of guy Who never used to cry The world is treatin' me bad misery! I've lost her now for sure I won't see her no more It's gonna be a drag misery! I'll remember all the little things we've done Can't she see she'll always be the only one, only one Send her back to me 'Cause everyone can see Without her I will be in misery I'll remember all the little things we've done She'll remember and she'll miss her only one, lonely one Send her back to me 'Cause everyone can see Without her I will be in misery (oh, oh, oh) In misery (ooh, ee, ooh, ooh) My misery (la, la, la, la, la, la)","Please Please Me","John Lennon / Paul McCartney","misery"
"Anna (go to him)","Anna You come and ask me, girl To set you free, girl You say he loves you more than me So I will set you free Go with him (Anna) Go with him (Anna) Anna Girl, before you go now I want you to know now That I still love you so But if he loves you more Go with him All of my life I've been searchin' for a girl To love me like I love you Oh, now, but every girl I've ever had Breaks my heart and leaves me sad What am I, what am I supposed to do? Anna Just one more thing, girl You give back your ring to me And I will set you free Go with him All of my life I've been searchin' for a girl To love me like I love you But let me tell you now, but every girl I've ever had Breaks my heart and leaves me sad What am I, what am I supposed to do? Anna Just one more thing, girl You give back your ring to me And I will set you free Go with him (anna) Go with him (anna) You can go with him, girl (anna) Go with him","Please Please Me","Arthur Alexander","anna go to him"
"Chains","Chains My baby's got me locked up in chains And they ain't the kind That you can see Whoa, these chains of love Got a hold on me, yeah Chains Well, I can't break away from these chains Can't run around 'Cause I'm not free Whoa, these chains of love won't let me be, yeah I want to tell you, pretty baby I think you're fine I'd like to love you But darling, I'm imprisoned by these Chains My baby's got me locked up in chains And they ain't the kind That you can see Whoa, it's chains of love got a hold on me, yeah Please believe me when I tell you Your lips are sweet I'd like to kiss them But I can't break away from all of these Chains My baby's got me locked up in chains And they ain't the kind That you can see Whoa, these chains of love got a hold on me, yeah Chains Chains of love Chains of love Chains of love","Please Please Me","Carole King / Gerry Goffin","chains"
"Boys","I been told when a boy kiss a girl Take a trip around the world Hey, hey (bop shuop, m'bop bop shuop) Hey, hey (bop shuop, m'bop bop shuop) Hey, hey (bop shuop), yeah, she say you do (bop shuop) My girl says when I kiss her lips Gets a thrill through her fingertips Hey, hey (bop shuop, m'bop bop shuop) Hey, hey (bop shuop, m'bop bop shuop) Hey, hey (bop shuop), yeah, she say you do (bop shuop) Well, I'm talkin' 'bout boys (yeah, yeah, boys) Don't ya know I mean boys (yeah, yeah, boys) Well, I'm talkin' 'bout boys, now (yeah, yeah, boys) Aah, boys (yeah, yeah, boys) Well, I'm talkin' 'bout boys, now (yeah, yeah, boys) What a bundle of joy! (yeah, yeah, boys) Alright, George! My girl says when I kiss her lips Gets a thrill through her fingertips Hey, hey (bop shuop, m'bop bop shuop) Hey, hey (bop shuop, m'bop bop shuop) Hey, hey (bop shuop), yeah, she say you do (bop shuop) Well, I'm talkin' 'bout boys (yeah, yeah, boys) Don't ya know I mean boys (yeah, yeah, boys) Well, I'm talkin' 'bout boys, now (yeah, yeah, boys) Aah (yeah, yeah, boys) Well, I'm talkin' 'bout boys, now (yeah, yeah, boys) What a bundle of joy! (yeah, yeah, boys) Oh, oh, ah yeah boys (yeah, yeah, boys) Don't ya know I mean boys? (yeah, yeah, boys) Ooh, boys (yeah, yeah, boys) Ah ha (yeah, yeah, boys) Well, I'm talkin' 'bout boys, now (yeah, yeah, boys)","Please Please Me","Wes Farrell / Luther Dixon","boys"
"Ask Me Why","I love you 'Cause you tell me things I want to know And it's true That it really only goes to show That I know that I, I, I, I Should never never never be blue Now you're mine My happiness dear makes me cry And in time You'll understand the reason why If I cry it's not because I'm sad But you're the only love that I've ever had I can't believe It's happened to me I can't conceive of anymore misery Ask me why, I'll say I love you And I'm always thinking of you I love you 'Cause you tell me things I want to know And it's true That it really only goes to show That I know that I, I, I, I Should never never never be blue Ask me why, I'll say I love you And I'm always thinking of you I can't believe, it's happened to me I can't conceive of anymore misery Ask me why, I'll say I love you And I'm always thinking of you, you, you","Please Please Me","John Lennon / Paul McCartney","ask me why"
"Please, Please Me","Last night, I said these words to my girl I know you never even try, girl Come on (come on) Come on (come on) Come on (come on) Come on (come on) Please, please me, whoa, yeah Like I please you You don't need me to show the way, love Why do I always have to say, love? Come on (come on) Come on (come on) Come on (come on) Come on (come on) Please, please me, woah, yeah Like I please you I don't want to sound complaining (ah-ooh) But you know there's always rain in my heart (in my heart) I do all the pleasing, with you it's so hard to reason (ah-ooh) With you, woah, yeah, why do you make me blue? Last night, I said these words to my girl Why do I never even try, girl? (I know you never even try, girl) Come on (come on) Come on (come on) Come on (come on) Come on (come on) Please, please me, woah, yeah Like I please you Me, woah, yeah Like I please you Me, woah, yeah Like I please you","Please Please Me","John Lennon / Paul McCartney","please please me"
"Love Me Do","Love, love me do You know I love you I'll always be true So please, love me do Whoa-oh, love me do Love, love me do You know I love you I'll always be true So please, love me do Whoa-oh, love me do Someone to love Somebody new Someone to love Someone like you Love, love me do You know I love you I'll always be true So please, love me do Whoa-oh, love me do Love, love me do You know I love you I'll always be true So please, love me do Whoa-oh, love me do Yeah, love me do Whoa-oh, love me do","Please Please Me","John Lennon / Paul McCartney","love me do"
"P.S. I Love You","As I write this letter Send my love to you Remember that I'll always Be in love with you Treasure these few words 'til we're together Keep all my love forever PS: I love you You, you, you I'll be coming home again to you, love And 'til the day I do, love PS: I love you You, you, you As I write this letter Send my love to you Remember that I'll always Be in love with you Treasure these few words 'til we're together Keep all my love forever PS: I love you You, you, you As I write this letter (oh) Send my love to you (you know I want you to) Remember that I'll always (yeah) Be in love with you I'll be coming home again to you, love And 'til the day I do, love PS: I love you You, you, you You, you, you I love you","Please Please Me","John Lennon / Paul McCartney","ps i love you"
"Baby It's You","Sha-la-la-la-la-la-la Sha-la-la-la-la-la-la Sha-la-la-la-la-la-la Sha-la-la-la-la It's not the way you smile That touched my heart It's not the way you kiss That tears me apart Uh-ho, many many, many nights go by I sit alone at home and I cry over you What can I do? Can't help myself 'Cause baby it's you Sha-la-la-la-la-la-la Baby it's you Sha-la-la-la-la-la-la Sha-la-la-la-la You should hear what they say about you Cheat! Cheat! Sha-la-la-la-la They say, they say you never, never ever been true Cheat! Cheat! Uh-ho, it doesn't matter what they say I know I'm gonna love you any all way What can I do? Then it's true Don't want nobody, nobody 'Cause baby it's you Sha-la-la-la-la-la-la Baby it's you Sha-la-la-la-la-la-la Uh-oh, it doesn't matter what they say I know I'm gonna love you any all way What can I do? And it's true Don't want nobody, nobody 'Cause baby it's you Sha-la-la-la-la-la-la Baby it's you Sha-la-la-la-la-la-la Don't leave me all alone Sha-la-la-la-la-la-la Come home Sha-la-la-la-la-la-la","Please Please Me","Mack David / Burt Bacharach / Barney Williams","baby its you"
"Do You Want To Know a Secret?","You'll never know how much I really love you You'll never know how much I really care Listen Do you want to know a secret? Do you promise not to tell? Whoa, oh, oh Closer Let me whisper in your ear Say the words you long to hear I'm in love with you, uh, uh Listen Do you want to know a secret? Do you promise not to tell? Whoa, oh, oh Closer Let me whisper in your ear Say the words you long to hear I'm in love with you, uh, uh I've known the secret for a week or two Nobody knows, just we two Listen Do you want to know a secret? Do you promise not to tell? Whoa, oh, oh Closer Let me whisper in your ear Say the words you long to hear I'm in love with you, uh, uh Uh, uh, uh, uh","Please Please Me","John Lennon / Paul McCartney","do you want to know a secret"
"A Taste Of Honey","A taste of honey Tasting much sweeter Than wine I dream of your First kiss and then I feel upon My lips again A taste of honey Tasting much sweeter Than wine Oh, I will return Yes, I will return I'll come back For the honey and you Yours was the kiss That awoke my heart There lingers still Though we're far apart That taste of honey Tasting much sweeter Than wine I will return Yes, I will return I'll come back (He'll come back) For the honey (For the honey) And you","Please Please Me","Bobby Scott / Ric Marlow","a taste of honey"
"There's a Place","There is a place Where I can go When I feel low When I feel blue And it's my mind And there's no time when I'm alone I think of you And things you do Go 'round my head The things you said Like: I love only you In my mind there's no sorrow Don't you know that it's so? There'll be no sad tomorrow Don't you know that it's so? There is a place Where I can go When I feel low When I feel blue And it's my mind And there's no time when I'm alone There's a place","Please Please Me","John Lennon / Paul McCartney","theres a place"
"Twist And Shout","Well, shake it up, baby, now (shake it up, baby) Twist and shout (twist and shout) Come on, come on, come on, come on, baby, now (come on, baby) Come on and work it on out (work it on out) Well, work it on out (work it on out) You know you look so good (look so good) You know you got me going now (got me going) Just like I knew you would (like I knew you would) Well, shake it up, baby, now (shake it up, baby) Twist and shout (twist and shout) Come on, come on, come on, come on, baby, now (come on, baby) Come on and work it on out (work it on out) You know you twist, little girl (twist, little girl) You know you twist so fine (twist so fine) Come on and twist a little closer now (twist a little closer) And let me know that you're mine (let me know you're mine) Ah, ah, ah, ah, ah, ah! Baby, now (shake it up, baby) Twist and shout (twist and shout) Come on, come on, come on, come on, baby, now (come on, baby) Come on and work it on out (work it on out) You know you twist, little girl (twist, little girl) You know you twist so fine (twist so fine) Come on and twist a little closer now (twist a little closer) And let me know that you're mine (let me know you're mine) Well, shake it, shake it, shake it, baby, now (shake it up, baby) Well, shake it, shake it, shake it, baby, now (shake it up, baby) Well, shake it, shake it, shake it, baby, now (shake it up, baby) Ah, ah, ah, yeah!","Please Please Me","Phil Medley / Bert Russell","twist and shout"
"It Won't Be Long","It won't be long, yeah, yeah, yeah It won't be long, yeah, yeah, yeah It won't be long, yeah, till I belong to you Every night when everybody has fun Here am I sitting all on my own It won't be long, yeah, yeah, yeah It won't be long, yeah, yeah, yeah It won't be long, yeah, till I belong to you Since you left me, I'm so alone Now you're coming, you're coming on home I'll be good like I know I should You're coming home, you're coming home Every night the tears come down from my eyes Every day I've done nothing but cry It won't be long, yeah, yeah, yeah It won't be long, yeah, yeah, yeah It won't be long, yeah, till I belong to you Since you left me, I'm so alone Now you're coming, you're coming on home I'll be good like I know I should You're coming home, you're coming home So every day we'll be happy I know Now I know that you won't leave me no more It won't be long, yeah, yeah, yeah It won't be long, yeah, yeah It won't be long, yeah, till I belong to you, woo","With The Beatles","John Lennon / Paul McCartney","it wont be long"
"All I've Got To Do","Whenever I want you around, yeah All I gotta do Is call you on the phone And you'll come running home Yeah, that's all I gotta do And when I, I want to kiss you, yeah All I gotta do Is whisper in your ear The words you long to hear And I'll be kissin' you And the same goes for me Whenever you want me at all I'll be here, yes I will, whenever you call You just gotta call on me, yeah You just gotta call on me And when I, I want to kiss you, yeah All I gotta do Is call you on the phone And you'll come running home Yeah, that's all I gotta do And the same goes for me Whenever you want me at all I'll be here, yes I will, whenever you call You just gotta call on me, yeah You just gotta call on me","With The Beatles","John Lennon / Paul McCartney","all ive got to do"
"All My Loving","Close your eyes and I'll kiss you Tomorrow I'll miss you Remember I'll always be true And then while I'm away I'll write home everyday And I'll send all my loving to you I'll pretend that I'm kissing The lips I am missing And hope that my dreams will come true And then while I'm away I'll write home everyday And I'll send all my loving to you All my loving, I will send to you All my loving, darling, I'll be true Close your eyes and I'll kiss you Tomorrow I'll miss you Remember I'll always be true And then while I'm away I'll write home everyday And I'll send all my loving to you All my loving, I will send to you All my loving, darling, I'll be true All my loving, all my loving All my loving, I will send to you","With The Beatles","John Lennon / Paul McCartney","all my loving"
"Don't Bother Me","Since she's been gone I want no one To talk to me It's not the same But I'm to blame It's plain to see So go away and leave me alone Don't bother me I can't believe That she would leave Me on my own It's just not right Where every night I'm all alone I've got no time for you right now Don't bother me I know I'll never be the same If I don't get her back again Because I know she'll always be The only girl for me But till she's here Please don't come near Just stay away I'll let you know When she's come home Till that the day Don't come around, leave me alone Don't bother me I've got no time for you right now Don't bother me I know I'll never be the same If I don't get her back again Because I know she'll always be The only girl for me But till she's here Please don't come near Just stay away I'll let you know When she's come home Till that the day Don't come around leave me alone Don't bother me Don't bother me Don't bother me Don't bother me Don't bother me","With The Beatles","George Harrison","dont bother me"
"Little Child","Little child, little child Little child won't you dance with me I'm so sad and lonely Baby take a chance with me Little child, little child Little child won't you dance with me I'm so sad and lonely Baby take a chance with me If you want someone to make you feel so fine Then we'll have some fun when you're mine So come on, come on, come on Little child, little child Little child won't you dance with me I'm so sad and lonely Baby take a chance with me, wow When you're by my side you're the only one Don't you run and hide just come on, come on So come on, come on, come on Little child, little child Little child won't you dance with me I'm so sad and lonely Baby take a chance with me oh, yeah Baby take a chance with me oh, yeah Baby take a chance with me oh, yeah","With The Beatles","John Lennon / Paul McCartney","little child"
"Till There Was You","There were bells on a hill But I never heard them ringing No, I never heard them at all Till there was you There were birds in the sky But I never saw them winging No, I never saw them at all Till there was you Then there was music and wonderful roses They tell me in sweet fragrant meadows Of dawn and dew There was love all around But I never heard it singing No, I never heard it at all Till there was you Then there was music and wonderful roses They tell me in sweet fragrant meadows Of dawn and dew There was love all around But I never heard it singing No, I never heard it at all Till there was you Till there was you","With The Beatles","Meredith Wilson","till there was you"
"Please Mr. Postman","(Wait) Oh, yes, wait a minute, Mr. Postman (Wait) Wait, Mr. Postman (Mr. Postman, look and see) oh, yeah (Is there a letter in your bag for me) Please, please, Mr. Postman (I've been waiting a long, long time) oh, yeah (Since I heard from that girl of mine) There must be some word someday From my girlfriend so far away Please, Mr. Postman look and see If there's a letter, a letter for me I've been standing here waiting, Mr. Postman So patiently For just a card or just a letter Saying she's returning home to me Please, Mr. Postman (Mr. Postman, look and see) oh, yeah (Is there a letter in your bag for me) Please, please, Mr. Postman (I've been waiting a long, long time) oh, yeah (Since I heard from that girl of mine) So many days you passed me by See the tear standing in my eye You didn't stop to make me feel better By leaving me a card or a letter Mr. Postman (Mr. Postman) look and see If there's a letter, oh, yeah, for me (is there a letter in your bag for me) I've been waiting such a long time (I've been waiting a long, long time) Since I heard from that girlfriend of mine (since I heard from that girl of mine) You gotta wait a minute, wait a minute, oh, yeah (Mr. Postman) Wait a minute, wait a minute, oh, yeah (Mr. Postman) You gotta wait a minute, wait a minute, oh, yeah (Mr. Postman) Check and see one more time for me You gotta wait a minute, wait a minute, oh, yeah (Mr. Postman) Wait a minute, wait a minute, oh, yeah (Mr. Postman) Mr. Postman, oh, yeah (Mr. Postman) Deliver the letter, the sooner the better You gotta wait a minute, wait a minute, oh, yeah (Mr. Postman) Wait a minute, wait a minute, oh, yeah (oh-oh-oh, Mr. Postman) You gotta wait a minute, wait a minute, oh, yeah (Mr. Postman) You gotta wait a minute, wait a minute, oh, yeah (Mr. Postman)","With The Beatles","Brian Holland / Freddie Gorman / Georgia Dobbins / Robert Bateman / William Garrett","please mr postman"
"Roll Over Beethoven","We're gonna write a little letter Gonna mail it to my local D.J. It's a rockin' little record I want my jockey to play Roll over Beethoven I gotta hear it again today You know my temperature's risin' and the jukebox's blowin' a fuse My heart's beatin' rhythm and my soul keeps singing the blues Roll over Beethoven and tell Tchaikovsky the news I got a rockin' pneumonia I need a shot of rhythm and blues I think I got it off the writer sittin' down by the rhythm review Roll over Beethoven we're rockin' in two by two Well if you fell you like it Well get your lover and reel and rock it roll it over and move on up just jump around and reel and rock it roll it over Roll over Beethoven a rockin' in two by two, oh Well early in the mornin' I'm a givin' you the warnin' Don't you step on my blue suede shoes Hey little little gonna play my fiddle Ain't got nothing to loose Roll over Beethoven and tell Tchaikovsky the news You know she winks like a glow worm Dance like a spinnin' top She got a crazy partner oughta see 'em reel and rock Long as she's got a dime the music will never stop Roll over Beethoven Roll over Beethoven Roll over Beethoven Roll over Beethoven Roll over Beethoven and dig these rhythm and blues","With The Beatles","Chuck Berry","roll over beethoven"
"Hold Me Tight","It feels alright now Hold me tight Tell me I'm the only one And then I might Never be the lonely one So hold (hold) me tight (me tight) Tonight (tonight), tonight (tonight) It's you You, you, you, oo Hold me tight Let me go on loving you Tonight, tonight Making love to only you So hold (hold) me tight (me tight) Tonight (tonight), tonight (tonight) It's you You, you, you, oo Don't know what it means to hold you tight Being here alone tonight with you It feels alright now Hold me tight Tell me I'm the only one And then I might Never be the lonely one So hold (hold) me tight (me tight) Tonight (tonight), tonight (tonight) It's you You, you, you, oo Don't know what it means to hold you tight Being here alone tonight with you Hold me tight Let me go on loving you Tonight, tonight Making love to only you So hold (hold) me tight (me tight) Tonight (tonight), tonight (tonight) It's you You, you, you, oo","With The Beatles","John Lennon / Paul McCartney","hold me tight"
"You Really Got a Hold On Me","I don't like you But I love you Seems that I'm always thinking of you Oh, oh, oh You treat me badly I love you madly You've really got a hold on me You've really got a hold on me, baby I don't want you, But I need you Don't want to kiss you But I need to Oh, oh, oh You do me wrong now My love is strong now You've really got a hold on me You've really got a hold on me, baby I love you and all I want you to do Is just hold me, hold me, hold me, hold me Tighter. Tighter. I want to leave you Don't want to stay here Don't want to spend Another day here Oh, oh, oh, I want to split now I just can't quit now You've really got a hold on me You've really got a hold on me, baby I love you and all I want you to do Is just hold me please, hold me squezee, hold me, hold me You've really got a hold on me You've really got a hold on me","With The Beatles","William Robinson","you really got a hold on me"
"I Wanna Be Your Man","I wanna be your lover, baby I wanna be your man I wanna be your lover, baby I wanna be your man Love you like no other, baby Like no other can Love you like no other, baby Like no other can I wanna be your man I wanna be your man I wanna be your man I wanna be your man Tell me that you love me, baby Let me understand Tell me that you love me, baby I wanna be your man I wanna be your lover, baby I wanna be your man I wanna be your lover, baby I wanna be your man I wanna be your man I wanna be your man I wanna be your man I wanna be your man Wow! I wanna be your lover, baby I wanna be your man I wanna be your lover, baby I wanna be your man Love you like no other, baby Like no other can Love you like no other, baby Like no other can I wanna be your man I wanna be your man I wanna be your man I wanna be your man Ow! I wanna be your man (oh!) I wanna be your man (oh!) I wanna be your man (whoo! Whoo!) I wanna be your man","With The Beatles","John Lennon / Paul McCartney","i wanna be your man"
"Devil In Her Heart","She's got the devil in her heart But her eyes they tantalize She's gonna tear your heart apart Oh her lips are really thrilling I'll take my chances For romance is So important to me She'll never hurt me She won't desert me She's an angel sent to me She's got the devil in her heart No, no, this I can't believe She's gonna tear your heart apart No, no nay will she deceive I can't believe that she'll ever ever go Not when she hugs and says she loves me so She'll never hurt em She won't desert me Listen can't you see She's got the devil in her heart Oh, no, no, no, this I can't believe She's gonna tear your heart apart No no nay will she deceive Don't take chances if your romance is So important to you She'll never hurt me She won't desert me She's an angel sent to me She's got the devil in her heart Oh, no, no, no, no this I can't believe She's gonna tear your heart apart No, no nay will she deceive She's got the devil in her heart No she's an angel sent to me She's got the devil in her heart No she's an angel sent to me","With The Beatles","Richard Dropkin","devil in her heart"
"Not a Second Time","You know you made me cry I see no use in wondering why I cried for you And now you've changed your mind I see no reason to change mine I cried, it's true, oh You're giving me the same old line I'm wondering why You hurt me then You're back again No, no, no Not a second time You know you made me cry I see no use in wondering why I cried for you, yeah And now you've changed your mind I see no reason to change mine I cried, it's true, oh You're giving me the same old line I'm wondering why You hurt me then You're back again No, no, no, not a second time not a second time Not a second time no, no, no, no, no no, no no","With The Beatles","John Lennon / Paul McCartney","not a second time"
"Money (That's What I Want)","The best things in life are free But you can keep them for the birds and bees Now give me money That's what i want That's what i want, yeah That's what i want You're lovin' gives me a thrill But you're lovin' don't pay my bills Now give me money That's what i want That's what i want, yeah That's what i want Money don't get everything it's true What it don't get, i can't use Now give me money That's what i want That's what i want, yeah That's what i want, wah Money don't get everything it's true What it don't get, i can't use Now give me money That's what i want That's what i want, yeah That's what i want Well now give me money A lot of money Wow, yeah, i wanna be free Oh lot of money That's what i want That's what i want, well Now give me money A lot of money Wow, yeah, you need money Now, give me money That's what i want, yeah That's what i want, yeah","With The Beatles","Berry Gordy, Jr","money thats what i want"
"A Hard Day's Night","It's been a hard day's night And I've been workin' like a dog It's been a hard day's night I should be sleepin' like a log But when I get home to you I find the things that you do You make me feel alright You know I work all day To get your money to buy your things And it's worth it just to hear you say You're gonna give me everything So why on Earth should I moan? 'Cause when I get you alone You know I feel okay When I'm home Everything seems to be right When I'm home Feeling you holding me tight Tight, yeah! It's been a hard day's night And I've been workin' like a dog It's been a hard day's night I should be sleepin' like a log But when I get home to you I find the things that you do You make me feel alright Aow! So why on Earth should I moan? 'Cause when I get you alone You know I feel okay When I'm home Everything seems to be right When I'm home Feeling you holding me tight Tight, yeah! It's been a hard day's night And I've been workin' like a dog It's been a hard day's night I should be sleepin' like a log But when I get home to you I find the things that you do You make me feel alright You know I feel alright You know I feel alright","A Hard Day's Night","John Lennon / Paul McCartney","a hard days night"
"I Should Have Known Better","I should have known better with a girl like you That I would love everything that you do And I do, hey, hey, hey And I do Whoa, oh, I never realized what a kiss could be This could only happen to me Can't you see? Can't you see? That when I tell you that I love you, oh You're gonna say you love me too, oh And when I ask you to be mine You're gonna say you love me too So I should have realized a lot of things before If this is love, you've got to give me more Give me more, hey hey hey Give me more Whoa, oh, I never realized what a kiss could be This could only happen to me Can't you see? Can't you see? That when I tell you that I love you, oh You're gonna say you love me too, oh And when I ask you to be mine You're gonna say you love me too You love me too You love me too You love me too","A Hard Day's Night","John Lennon / Paul McCartney","i should have known better"
"If I Fell","If I fell in love with you Would you promise to be true And help me understand? 'Cause I've been in love before And I found that love was more Than just holding hands If I give my heart To you I must be sure From the very start That you Would love me more than her If I trust in you Oh, please Don't run and hide If I love you too Oh, please Don't hurt my pride like her 'Cause I couldn't stand the pain And I Would be sad if our new love Was in vain So I hope you see That I Would love to love you And that she Will cry When she learns we are two 'Cause I couldn't stand the pain And I Would be sad if our new love Was in vain So I hope you see That I Would love to love you And that she Will cry When she learns we are two If I fell in love with you","A Hard Day's Night","John Lennon / Paul McCartney","if i fell"
"I'm Happy Just To Dance With You","Before this dance is through I think I'll love you too I'm so happy when you dance with me I don't want to kiss Or hold your hand If it's funny Try to understand There is really nothing else I'd rather do 'Cause I'm happy just to Dance with you I don't need to hug Or hold you tight I just want to dance With you all night In this world, there's nothing I would rather do 'Cause I'm happy just to Dance with you Just to dance with you Is everything I need Before this dance is through I think I'll love you too I'm so happy when you dance with me If somebody tries To take my place Let's pretend we Just can't see his face In this world, there's nothing I would rather do 'Cause I'm happy just to Dance with you Just to dance with you Is everything I need Before this dance is through I think I'll love you too I'm so happy when you dance with me If somebody tries To take my place Let's pretend we Just can't see his face In this world, there's nothing I would rather do I discovered I'm in Love with you 'Cause I'm happy just to Dance with you","A Hard Day's Night","John Lennon / Paul McCartney","im happy just to dance with you"
"And I Love Her","I give her all my love That's all I do And if you saw my love You'd love her too I love her She gives me everything And tenderly The kiss my lover brings She brings to me And I love her A love like ours Could never die As long as I Have you near me Bright are the stars that shine Dark is the sky I know this love of mine Will never die And I love her Bright are the stars that shine Dark is the sky I know this love of mine Will never die And I love her","A Hard Day's Night","John Lennon / Paul McCartney","and i love her"
"Tell Me Why","Tell me why you cried And why you lied to me Tell me why you cried And why you lied to me Well, I gave you everything I had But you left me sittin' on my own Did you have to treat me oh, so bad? All I do is hang my head and moan Tell me why you cried And why you lied to me Tell me why you cried And why you lied to me If it's somethin' that I've said or done Tell me what and I'll apologize If you don't, I really can't go on Holding back these tears in my eyes Tell me why you cried And why you lied to me Tell me why you cried And why you lied to me Well, I'm beggin' on my bended knees If you'll only listen to my pleas If there's anythin' I can do 'Cause I really can't stand it I'm so in love with you Tell me why you cried And why you lied to me Tell me why you cried And why you lied to me","A Hard Day's Night","John Lennon / Paul McCartney","tell me why"
"Can't Buy Me Love","Can't buy me love, love Can't buy me love I'll buy you a diamond ring, my friend If it makes you feel all right I'll get you anything, my friend If it makes you feel all right 'Cause I don't care too much for money Money can't buy me love I'll give you all I've got to give If you say you love me too I may not have a lot to give But what I've got I'll give to you I don't care too much for money Money can't buy me love Can't buy me love Everybody tells me so Can't buy me love No, no, no, no Say you don't need no diamond rings And I'll be satisfied Tell me that you want the kind of things That money just can't buy I don't care too much for money Money can't buy me love Can't buy me love Everybody tells me so Can't buy me love No, no, no, no Say you don't need no diamond rings And I'll be satisfied Tell me that you want the kind of things That money just can't buy I don't care too much for money Money can't buy me love Ooh, can't buy me love, love Can't buy me love, no","A Hard Day's Night","John Lennon / Paul McCartney","cant buy me love"
"Any Time At All","Any time at all Any time at all Any time at all All you've gotta do is call And I'll be there If you need somebody to love Just look into my eyes I'll be there, to make you feel right If you're feeling sorry and sad, I'd really sympathize Don't you be sad, just call me in tonight Any time at all Any time at all Any time at all All you gotta do is call And I'll be there If the sun has faded away I'll try to make it shine There is nothing I won't do If you need a shoulder to cry on, I hope it will be mine Call me tonight, and I'll come to you Any time at all Any time at all Any time at all All you've gotta do is call And I'll be there Any time at all Any time at all Any time at all All you've gotta do is call And I'll be there Any time at all All you've gotta do is call And I'll be there","A Hard Day's Night","John Lennon / Paul McCartney","any time at all"
"I'll Cry Instead","I've got every reason on Earth to be mad 'Cos I've just lost the only girl I had If I could get my way I'd get myself locked up today But I can't, so I'll cry instead I've got a chip on my shoulder That's bigger than my feet I can't talk to people that I meet If I could see you now I'd try to make you sad somehow But I can't, so I'll cry instead Don't wanna cry when there's people there I get shy when they start to stare I'm gonna hide myself away-ay-hay But I'll come back again someday And when I do you better hide all the girls I'm gonna break their hearts all round the world Yes, I'm gonna break 'em in two And show you what your lovin' man can do Until then I'll cry instead Don't wanna cry when there's people there I get shy when they start to stare I'm gonna hide myself away-ay-hay But I'll come back again someday And when I do you better hide all the girls 'Cos I'm gonna break their hearts all round the world Yes, I'm gonna break 'em in two And show you what your lovin' man can do Until then, I'll cry instead","A Hard Day's Night","John Lennon / Paul McCartney","ill cry instead"
"Things We Said Today","You say you will love me If I have to go You'll be thinking of me Somehow I will know Someday when I'm lonely Wishing you weren't so far away Then I will remember Things we said today You say you'll be mine, girl Till the end of time These days such a kind girl Seems so hard to find Someday when we're dreaming Deep in love, not a lot to say Then we will remember Things we said today Me, I'm just the lucky kind Love to hear you say that love is luck And, though we may be blind Love is here to stay, and that's enough To make you mine, girl Be the only one Love me all the time, girl We'll go on and on Someday when we're dreaming Deep in love, not a lot to say Then we will remember Things we said today Me, I'm just the lucky kind Love to hear you say that love is luck And, though we may be blind Love is here to stay, and that's enough To make you mine, girl Be the only one Love me all the time, girl We'll go on and on Someday when we're dreaming Deep in love, not a lot to say Then we will remember Things we said today","A Hard Day's Night","John Lennon / Paul McCartney","things we said today"
"When I Get Home","Whoa-ho, whoa-ho I got a whole lot of things to tell her When I get home Come on, out my way 'Cause I'm gonna see my baby today I've got a whole lot of things I've gotta say to her Whoa-ho, whoa-ho I got a whole lot of things to tell her When I get home Come on, if you please I've got no time for trivialities I've got a girl who's waiting home for me tonight Whoa-ho, whoa-ho I got a whole lot of things to tell her When I get home When I'm getting home tonight, I'm gonna hold her tight I'm gonna love her till the cows come home I bet I'll love her more Till I walk out that door again Come on, let me through I've got so many things I've got to do I've got no business being here with you This way Whoa-ho, whoa-ho I got a whole lot of things to tell her When I get home, yeah I got a whole lot of things to tell her When I get home","A Hard Day's Night","John Lennon / Paul McCartney","when i get home"
"You Can't Do That","I got something to say that might cause you pain If I catch you talking to that boy again I'm gonna let you down And leave you flat Because I told you before Oh, you can't do that Well, Its the second time I've caught you talking to him Do I have to tell you one more time I think its a sin I think I'll let you down (let you down) And leave you flat (gonna let you down and leave you flat) Because I told you before Oh, you can't do that Everybody's green Cause I'm the one who won your love But if they'd seen You talking that way They'd laugh in my face. So please listen to me if you want to stay mine I can't help my feelings i'll go out of my mind I'm gonna let you down (let you down) And leave you flat (gonna let you down and leave you flat) Because I told you before Oh, you can't do that Wah! (You can't do that) (You can't do that) (You can't do that) (You can't do that) (You can't do that) Everybody's green Cause I'm the one who won your love But if they'd seen You talking that way They'd laugh in my face So please listen to me if you want to stay mine I can't help my feelings, I'll go out of my mind I'm gonna let you down (let you down) And leave you flat (gonna let you down and leave you flat) Because I told you before Oh, you can't do that","A Hard Day's Night","John Lennon / Paul McCartney","you cant do that"
"I'll Be Back","You know if you break my heart I'll go But I'll be back again 'Cause I told you once before goodbye But I came back again I love you so I'm the one who wants you Yes, I'm the one who wants you You could find better things to do Than to break my heart again This time I will try to show that I'm Not trying to pretend I thought that you would realize That if I ran away from you That you would want me too But I've got a big surprise You could find better things to do Than to break my heart again This time I will try to show that I'm Not trying to pretend I want to go But I hate to leave you You know I hate to leave you You, if you break my heart I'll go But I'll be back again","A Hard Day's Night","John Lennon / Paul McCartney","ill be back"
"No Reply","This happened once before When I came to your door, no reply They said it wasn't you But I saw you peep through your window I saw the light, I saw the light I know that you saw me 'Cause I looked up to see your face I tried to telephone They said that you were not home, that's a lie 'Cause I know where you've been I saw you walk in your door I nearly died, I nearly died 'Cause you walked hand in hand With another man in my place If I were you, I'd realize that I Love you more than any other guy And I'll forgive the lies that I Heard before, when you gave me no reply I tried to telephone They said you were not home, that's a lie 'Cause I know where you've been I saw her walk in your door I nearly died, I nearly died 'Cause you walked hand in hand With another man in my place No reply, no reply","Beatles For Sale","John Lennon / Paul McCartney","no reply"
"I'm a Loser","I'm a loser, I'm a loser And I'm not what I appear to be Of all the love I have won or have lost There is one love I should never have crossed She was a girl in a million my friend I should have known she would win in the end I'm a loser, and I lost someone who's near to me I'm a loser, and I'm not what I appear to be Although I laugh and I act like a clown Beneath this mask I am wearing a frown My tears are falling like rain from the sky Is it for her or myself that I cry I'm a loser, and I lost someone who's near to me I'm a loser, and I'm not what I appear to be What have I done to deserve such a fate I realize I have left it too late And so it's true pride comes before a fall I'm telling you so that you won't lose all I'm a loser, and I lost someone who's near to me I'm a loser, and I'm not what I appear to be","Beatles For Sale","John Lennon / Paul McCartney","im a loser"
"Baby's In Black","Oh dear, what can I do? Baby's in black and I'm feelin' blue Tell me oh, what can I do? She thinks of him And so she dresses in black And though he'll never come back She's dressed in black Oh dear what can I do? Baby's in black and I'm feelin' blue Tell me oh, what can I do? I think of her But she thinks only of him And though it's only a whim She thinks of him Oh how long will it take Till she sees the mistake she has made? Dear what can I do? Baby's in black and I'm feelin blue Tell me oh, what can I do? Oh how long will it take Till she sees the mistake she has made? Dear what can I do? Baby's in black and I'm feelin blue Tell me oh, what can I do? She thinks of him And so she dresses in black And though he'll never come back She's dressed in black Oh dear what can I do? Baby's in black and I'm feelin' blue Tell me oh, what can I do?","Beatles For Sale","John Lennon / Paul McCartney","babys in black"
"Rock And Roll Music","Just let me hear some of that rock and roll music Any old way you choose it It's got a back beat, you can't lose it Any old time you use it It's gotta be rock roll music If you wanna dance with me If you wanna dance with me I've got no kick against modern jazz Unless they try to play it too damn fast And lose the beauty of the melody Until they sound just like a symphony That's why I go for that that rock and roll music Any old way you choose it It's got a back beat, you can't lose it Any old time you use it It's gotta be rock roll music If you wanna dance with me If you wanna dance with me I took my loved one over 'cross the tracks So she can hear my man awail a sax I must admit they had a rockin' band Man, they were blowin' like a hurrican' That's why I go for that that rock and roll music Any old way you choose it It's got a back beat, you can't blues it Any old time you use it It's gotta be rock roll music If you wanna dance with me If you wanna dance with me Way down South they gave a jubilee The Georgia folks they had a jamboree They're drinkin' home brew from a wooden cup The folks are dancin' got all shoke up And started playin' that rock and roll music Any old way you choose it It's got a back beat, you can't blues it Any old time you use it It's gotta be rock roll music If you wanna dance with me If you wanna dance with me Don't care to hear 'em play a tango I'm in the mood to take a mambo It's way to early for a congo So keep a rockin' that piano That's why go for that rock and roll music Any old time you use it It's got a back beat, you can't lose it Any old time you use it All I got is rock roll music If you wanna dance with me If you wanna dance with me","Beatles For Sale","Chuck Berry","rock and roll music"
"I'll Follow The Sun","One day you'll look to see I've gone For tomorrow may rain So I'll follow the Sun Some day you'll know I was the one But tomorrow may rain So I'll follow the Sun And now the time has come And so, my love, I must go And though I lose a friend In the end you will know, oh One day you'll find that I have gone But tomorrow may rain So I'll follow the Sun Tomorrow may rain So I'll follow the Sun And now the time has come And so, my love, I must go And though I lose a friend In the end you will know, oh One day you'll find that I have gone But tomorrow may rain So I'll follow the Sun","Beatles For Sale","John Lennon / Paul McCartney","ill follow the sun"
"Mr. Moonlight","Mr. Moonlight You came to me One summer night And from your beam you made my dream And from the world you sent my girl And from above you sent us love And now she is mine I think you're fine 'Cause we love you Mr. Moonlight Mr. Moonlight Come again please Here I am on my knees Beggin' if you please And the night you don't come my way I pray and pray more each day 'Cause we love you Mr. Moonlight And the night you don't come my way I pray and pray more each day 'Cause we love you Mr. Moonlight Mr. Moonlight Come again please Here I am on my knees Beggin' if you please And the night you don't come my way I pray and pray more each day 'Cause we love you Mr. Moonlight Mr. Moonlight Mr. Moonlight Mr. Moonlight","Beatles For Sale","Roy Lee Johnson","mr moonlight"
"Kansas City / Hey Hey Hey Hey","Ah, Kansas City Gonna get my baby back home Yeah, yeah I'm goin' to Kansas city Gonna get my baby back home Yeah, yeah Well, it's a long, long, time Since my baby's been gone Ah, Kansas City Gonna get my baby on time Yeah, yeah I'm goin' to Kansas City Gonna get my baby one time Yeah, yeah It's just a one, two, three, four Five, six, seven, eight, nine, wa-hoo Hey, hey, hey, hey (Hey, hey, hey, hey) Hey, baby (hey, baby) Ooh, now, girl (Yeah, girl) I said you're no clown (No clown) Now, now, now, now Tell me, baby What's been wrong with you Hey, hey, hey, hey (Hey, hey, hey, hey) Hey, now, baby (hey, baby) Ooh, now, girl (Yeah, girl) I said you're no clown (No clown) Now, now, now, now Tell me, baby What's been wrong with you Well, I'll say bye (Bye bye, bye bye, bye bye) Bye, bye, baby, bye, bye (Bye bye, bye bye, bye bye) Ooh, so long (So long, so long, so long) Bye, bye, baby, I'm gone (Bye bye, bye bye, bye bye) Yeah, I said Bye, bye, baby Bye, bye, bye, bye, bye now, bye (Bye bye, bye bye, bye bye) Bye, bye, baby, bye, bye (Bye bye, bye bye, bye bye) Ooh, so long (So long, so long, so long) Bye, bye, baby, I'm gone (Bye bye, bye bye, bye bye)","Beatles For Sale","Jerry Lieber / Mike Stoller / Richard Wayne Penniman","kansas city  hey hey hey hey"
"Eight Days a Week","Oh, I need your love babe Guess you know it's true Hope you need my love babe Just like I need you Hold me, love me Hold me, love me I ain't got nothin' but love babe Eight days a week Love you everyday girl Always on my mind One thing I can say girl Love you all the time Hold me, love me Hold me, love me I ain't got nothin' but love girl Eight days a week, eight days a week I love you Eight days a week is not enough to show I care Oh, I need your love babe Yes you know it's true Hope you need my love babe Just like I need you Hold me, love me Hold me, love me I ain't got nothing but love babe Eight days a week, eight days a week I love you Eight days a week is not enough to show I care Love you everyday girl Always on my mind One thing I can say girl Love you all the time Hold me, love me Hold me, love me I ain't got nothin' but love babe Eight days a week, eight days a week, eight days a week","Beatles For Sale","John Lennon / Paul McCartney","eight days a week"
"Words Of Love","Hold me close and tell me how you feel Tell me love is real Words of love you whisper soft and true Darling, I love you Let me hear you say The words I long to hear Darling when you're near Words of love you whisper soft and true Darling, I love you","Beatles For Sale","Buddy Holly","words of love"
"Honey Don't","Well, how come you say you will When you won't? Say you do, baby When you don't? Let me know, honey How you feel Tell the truth, now Is love real? But, uh-uh, well Honey, don't Well, honey, don't Honey, don't Honey, don't Honey, don't I say, you will When you won't Uh-uh, honey, don't Well, I love you, baby And you ought to know I like the way That you wear your clothes Everything about you Is so doggone sweet You got that sand All over your feet But, uh-uh, well Honey, don't Honey, don't Honey, don't Honey, don't I say, you will When you won't Uh-uh, honey, don't Well, sometimes I love you On a Saturday night Sunday mornin', you Don't look right You been out Paintin' the town Uh-uh, baby Been steppin' around But, uh-uh, well Honey, don't I said, honey, don't Honey, don't Honey, don't Honey, don't I say, you will When you won't Uh-uh, honey, don't Well, honey, don't Well, honey, don't Little, little honey, don't I say, you will When you won't Uh-uh, honey, don't","Beatles For Sale","Carl Perkins","honey dont"
"Every Little Thing","When I'm walking beside her People tell me I'm lucky Yes I know I'm a lucky guy I remember the first time I was lonely without her Can't stop thinking about her now Every little thing she does She does for me, yeah And you know the things she does She does for me, oh When I'm with her I'm happy Just to know that she loves me Yes, I know that she loves me, now There is one thing I am sure of I will love her forever For I know love will never die Every little thing she does She does for me, yeah And you know the things she does She does for me, oh Every little thing she does She does for me, yeah And you know the things she does She does for me, oh Every little thing Every little thing Every little thing","Beatles For Sale","John Lennon / Paul McCartney","every little thing"
"I Don't Want To Spoil The Party","I don't want to spoil the party so I'll go I would hate my disappointment to show There's nothing for me here so I will disappear If she turns up while I'm gone please let me know I've had a drink or two and I don't care There's no fun in what I do if she's not there I wonder what went wrong I've waited far too long I think I'll take a walk and look for her Though tonight she's made me sad I still love her If I find her I'll be glad I still love her I don't want to spoil the party so I'll go I would hate my disappointment to show There's nothing for me here so I will disappear If she turns up while I'm gone please let me know Though tonight she's made me sad I still love her If I find her I'll be glad I still love her I've had a drink or two and I don't care There's no fun in what I do if she's not there I wonder what went wrong I've waited far too long I think I'll take a walk and look for her","Beatles For Sale","John Lennon / Paul McCartney","i dont want to spoil the party"
"What You're Doing","Look what you're doing, I'm feeling blue and lonely Would it be too much to ask of you What you're doing to me? You got me running and there's no fun in it Why should it be so much to ask of you What you're doing to me? I've been waiting here for you Wond'ring what you're gonna do Should you need a love that's true, it's me Please stop your lying, you've got me crying, girl Why should it be so much to ask of you What you're doing to me? I've been waiting here for you Wond'ring what you're gonna do Should you need a love that's true, it's me Please stop your lying, you've got me crying, girl Why should it be so much to ask of you What you're doing to me? What you're doing to me? What you're doing to me?","Beatles For Sale","John Lennon / Paul McCartney","what youre doing"
"Everybody's Trying To Be My Baby","Well, they took some honey from a tree Dressed it up and they called it me Everybody's trying to be my baby Everybody's trying to be my baby Everybody's trying to be my baby now Woke up last night, half past four Fifty women knocking on my door Everybody's trying to be my baby Everybody's trying to be my baby Everybody's trying to be my baby now Went out last night, I didn't stay late 'Fore I got home I had ninteen dates Everybody's trying to be my baby Everybody's trying to be my baby Everybody's trying to be my baby now Went out last night, I didn't stay late 'Fore I got home I had ninteen dates Everybody's trying to be my baby Everybody's trying to be my baby Everybody's trying to be my baby now Well, they took some honey, from a tree Dressed it up and they called it me Everybody's trying to be my baby Everybody's trying to be my baby Everybody's trying to be my baby now","Beatles For Sale","Carl Perkins","everybodys trying to be my baby"
"Help!","(Help) I need somebody (Help) Not just anybody (Help) You know I need someone (Help) When I was younger, so much younger than today I never needed anybody's help in any way But now these days are gone, I'm not so self assured Now I find I've changed my mind and opened up the doors Help me if you can, I'm feeling down And I do appreciate you being 'round Help me get my feet back on the ground Won't you please, please help me? And now my life has changed in, oh, so many ways My independence seems to vanish in the haze But every now and then I feel so insecure I know that I just need you like I've never done before Help me if you can, I'm feeling down And I do appreciate you being 'round Help me get my feet back on the ground Won't you please, please help me? When I was younger, so much younger than today I never needed anybody's help in any way But now these days are gone, I'm not so self assured Now I find I've changed my mind and opened up the doors Help me if you can, I'm feeling down And I do appreciate you being 'round Help me get my feet back on the ground Won't you please, please help me? Help me, help me, oh","Help!","John Lennon / Paul McCartney","help"
"The Night Before","We said our goodbyes (Ah the night before) Love was in your eyes (Ah the night before) Now, today I find You have changed your mind Treat me like you did the night before Were you tellin' lies? (Ah the night before) Was I so unwise? (Ah the night before) When I held you near You were so sincere Treat me like you did the night before Last night is a night I will remember you by When I think of things we did It makes me want to cry We said our goodbyes (Ah the night before) Love was in your eyes (Ah the night before) Now, today I find You have changed your mind Treat me like you did the night before, yes When I held you near You were so sincere Treat me like you did the night before Last night is a night I will remember you by When I think of things we did It makes me want to cry Were you tellin' lies? (Ah the night before) Was I so unwise? (Ah the night before) When I held you near You were so sincere Treat me like you did the night before Like the night before","Help!","John Lennon / Paul McCartney","the night before"
"You've Got To Hide Your Love Away","Here I stand head in hand Turn my face to the wall If she's gone I can't go on Feelin' two-foot small Everywhere people stare Each and every day I can see them laugh at me And I hear them say Hey, you've got to hide your love away Hey, you've got to hide your love away How could I even try I can never win Hearing them, seeing them In the state I'm in How could she say to me Love will find a way Gather round all you clowns Let me hear you say Hey, you've got to hide your love away Hey, you've got to hide your love away","Help!","John Lennon / Paul McCartney","youve got to hide your love away"
"I Need You","You don't realize how much I need you Love you all the time Never leave you Please come on back to me I'm lonely as can be I need you Said you had a thing or two To tell me How was I to know you would Upset me I didn't realize As I looked in your eyes You told me Oh, yes, you told me You don't want my lovin' anymore That's when it hurt me And feeling like this I just can't go on anymore Please remember how I feel About you I could never really live Without you So, come on back and see Just what you mean to me I need you But when you told me You don't want my lovin' anymore That's when it hurt me And feeling like this I just can't go on anymore Please remember how I feel About you I could never really live Without you So, come on back and see Just what you mean to me I need you I need you I need you","Help!","George Harrison","i need you"
"Another Girl","For I have got Another girl Another girl You're makin' me say that I've got Nobody but you And as from today, well, I've got Somebody that's new I ain't no fool and I don't take what I don't want For I have got Another girl Another girl She's sweeter than all the girls and I've met quite a few Nobody in all the world can Do what she can do And so I'm telling you this time you'd better stop For I have got Another girl Another girl who will love me till the end Through thick and thin, she will always be my friend I don't want to say that I've been Unhappy with you But as from today, well, I've seen Somebody that's new I ain't no fool and I don't take what I don't want For I have got Another girl Another girl who will love me till the end Through thick and thin, she will always be my friend I don't want to say that I've been Unhappy with you But as from today, well, I've seen Somebody that's new I ain't no fool and I don't take what I don't want For I have got Another girl Another girl Another girl","Help!","John Lennon / Paul McCartney","another girl"
"You're Going To Lose That Girl","You're gonna lose that girl (Yes, yes, you're gonna lose that girl) You're gonna lose that girl (Yes, yes, you're gonna lose that girl) If you don't take her out tonight She's gonna change her mind (She's gonna change her mind) And I will take her out tonight And I will treat her kind (I'm gonna treat her kind) You're gonna lose that girl (Yes, yes, you're gonna lose that girl) You're gonna lose that girl (Yes, yes, you're gonna lose that girl) If you don't treat her right, my friend You're gonna find her gone (You're gonna find her gone) 'Cause I will treat her right, and then You'll be the lonely one (You're not the only one) You're gonna lose that girl (Yes, yes, you're gonna lose that girl) You're gonna lose that girl (Yes, yes, you're gonna lose that girl) You're gonna lose that girl (Yes, yes, you're gonna lose that girl) I'll make a point Of taking her away from you (Watch what you do) Yeah The way you treat her what else can I do? (You're gonna lose that girl) (You're gonna lose that girl) You're gonna lose that girl (Yes, yes, you're gonna lose that girl) You're gonna lose that girl (Yes, yes, you're gonna lose that girl) You're gonna lose (Yes, yes, you're gonna lose that girl) I'll make a point Of taking her away from you (Watch what you do) Yeah The way you treat her what else can I do? If you don't take her out tonight She's gonna change her mind (She's gonna change her mind) And I will take her out tonight And I will treat her kind (I'm gonna treat her kind) You're gonna lose that girl (Yes, yes, you're gonna lose that girl) You're gonna lose that girl (Yes, yes, you're gonna lose that girl) You're gonna lose (Yes, yes, you're gonna lose that girl)","Help!","John Lennon / Paul McCartney","youre going to lose that girl"
"Ticket To Ride","I think I'm gonna be sad I think it's today, yeah The girl that's drivin' me mad Is goin' away She's got a ticket to ride She's got a ticket to ride She's got a ticket to ride But she don't care She said that livin' with me Was bringin' her down, yeah She would never be free When I was around She's got a ticket to ride She's got a ticket to ride She's got a ticket to ride But she don't care I don't know why she's ridin' so high She ought to think twice She ought to do right by me Before she gets to sayin' goodbye She ought to think twice She ought to do right by me I think I'm gonna be sad I think it's today, yeah The girl that's drivin' me mad Is goin' away, yeah Ah, she's got a ticket to ride She's got a ticket to ride She's got a ticket to ride But she don't care I don't know why she's ridin' so high She ought to think twice She ought to do right by me Before she gets to sayin' goodbye She ought to think twice She ought to do right by me She said that livin' with me Was bringin' her down, yeah She would never be free When I was around Ah, she's got a ticket to ride She's got a ticket to ride She's got a ticket to ride But she don't care My baby don't care My baby don't care My baby don't care My baby don't care","Help!","John Lennon / Paul McCartney","ticket to ride"
"Act Naturally","They're gonna put me in the movies They're gonna make a big star out of me We'll make a film about a man that's sad and lonely And all I gotta do is act naturally Well, I bet you I'm gonna be a big star Might win an Oscar, you can never tell The movie's gonna make me a big star 'Cause I can play the part so well Well, I hope you come and see me in the movies Then I'll know that you will plainly see The biggest fool that ever hit the big time And all I gotta do is act naturally We'll make the scene about a man that's sad and lonely And begging down upon his bendin' knee I'll play the part and I won't need rehearsing All I have to do is act naturally Well, I bet you I'm gonna be a big star Might win an Oscar, you can never tell The movie's gonna make me a big star 'Cause I can play the part so well Well, I hope you come and see me in the movies Then I'll know that you will plainly see The biggest fool that ever hit the big time And all I gotta do is act naturally","Help!","Johnny Russell / Voni Morrison","act naturally"
"It's Only Love","I get high when I see you go by My, oh, my When you sigh, my mind inside just flies Butterflies Why am I so shy When I'm beside you? It's only love And that is all Why should I feel The way I do? It's only love And that is all But it's so hard Loving you Is it right that you and I should fight Every night? Just the sight of you makes night time bright Very bright Haven't I the right To make it up, girl? It's only love And that is all Why should I feel The way I do? It's only love And that is all But it's so hard Loving you Yes, it's to hard Loving you Loving you","Help!","John Lennon / Paul McCartney","its only love"
"You Like Me Too Much","Though you've gone away this morning You'll be back again tonight Telling me there'll be no next time If I just don't treat you right You'll never leave me and you know it's true 'Cause you like me too much and I like you You've tried before to leave me But you haven't got the nerve To walk out and make me lonely Which is all that I deserve You'll never leave me and you know it's true 'Cause you like me too much and I like you I really do And it's nice when you believe me If you leave me, I will follow you And bring you back where you belong 'Cause I couldn't really stand it I admit that I was wrong I wouldn't let you leave me 'cause it's true 'Cause you like me too much and I like you 'Cause you like me too much and I like you I really do And it's nice when you believe me If you leave me, I will follow you And bring you back where you belong 'Cause I couldn't really stand it I admit that I was wrong I wouldn't let you leave me 'cause it's true 'Cause you like me too much and I like you 'Cause you like me too much and I like you","Help!","George Harrison","you like me too much"
"Tell Me What You See","If you let me take your heart I will prove to you We will never be apart If I'm part of you Open up your eyes now Tell me what you see It is no surprise now What you see is me Big and black the clouds may be Time will pass away If you put your trust in me I'll make bright your day Look into these eyes now Tell me what you see Don't you realize now What you see is me Tell me what you see Listen to me one more time How can I get through? Can't you try to see that I'm Tryin' to get to you? Open up your eyes now Tell me what you see It is no surprise now What you see is me Tell me what you see Listen to me one more time How can I get through? Can't you try to see that I'm Tryin' to get to you? Open up your eyes now Tell me what you see It is no surprise now What you see is me Mmm, mmm, mmm, mmm, mmm","Help!","John Lennon / Paul McCartney","tell me what you see"
"I've Just Seen a Face","I've just seen a face, I can't forget the time or place where we just met She's just the girl for me and I want all the world to see we've met Had it been another day, I might have looked the other ways and I'd have never been aware, but as it is I'll dream of her tonight Falling, yes, I'm falling And she keeps calling me back again I have never known the like of this, I've been alone and I have Missed things and kept out of sight for other girl we're never quite like this Falling, yes, I'm falling And she keeps calling me back again Falling, yes, I'm falling And she keeps calling me back again I've just seen a face, I can't forget the time or place where we just met She's just the girl for me and I want all the world to see we've met Falling, yes, I'm falling And she keeps calling me back again Falling, yes, I'm falling And she keeps calling me back again Oh, falling, yes, I'm falling And she keeps calling me back again","Help!","John Lennon / Paul McCartney","ive just seen a face"
"Yesterday","Yesterday All my troubles seemed so far away Now it looks as though they're here to stay Oh, I believe in yesterday Suddenly I'm not half the man I used to be There's a shadow hanging over me Oh, yesterday came suddenly Why she had to go? I don't know She wouldn't say I said something wrong, now I long For yesterday Yesterday Love was such an easy game to play Now I need a place to hide away Oh, I believe in yesterday Why she had to go? I don't know She wouldn't say I said something wrong, now I long For yesterday Yesterday Love was such an easy game to play Now I need a place to hide away Oh, I believe in yesterday","Help!","John Lennon / Paul McCartney","yesterday"
"Dizzy Miss Lizzy","You make me dizzy, Miss Lizzy The way you rock and roll You make me dizzy, Miss Lizzy When you do the stroll Come on, Miss Lizzy Love me 'fore I grow too old Come on, give me fever Put your little hand in mine You make me dizzy, Miss Lizzy Ooh, girl, you look so fine Just a-rockin' and a-rollin' Girl, I said, I wish you were mine You make me dizzy, Miss Lizzy When you call my name Whoo, baby, shake You're drivin' me insane Come on, come on, come on, come on, baby I wanna be your lovin' man Come on and tell your Mama I want you to be my bride Go on and tell your brother Baby, don't run and hide You make me dizzy, Miss Lizzy Girl, I want to marry you Come on, give me fever Put your little hand in mine, girl You make me dizzy, dizzy Lizzy Girl, you look so fine You're just a-rockin' and a-rollin' Oh, I said I wish you were mine","Help!","Larry Williams","dizzy miss lizzy"
"Drive My Car","Asked a girl what she wanted to be She said: Baby, can't you see? I wanna be famous, a star on the screen But you can do something in between Baby, you can drive my car Yes, I'm gonna be a star Baby, you can drive my car And maybe I love you I told that girl that my prospects were good And she said: Baby, it's understood Working for peanuts is all very fine But I can show you a better time Baby, you can drive my car Yes, I'm gonna be a star Baby, you can drive my car And maybe I love you Beep beep'm, beep beep, yeah Baby, you can drive my car Yes, I'm gonna be a star Baby, you can drive my car And maybe I love you I told that girl I can start right away And she said: Listen baby, I got something to say I got no car and it's breaking my heart But I've found a driver and that's a start Baby, you can drive my car Yes, I'm gonna be a star Baby, you can drive my car And maybe I love you Beep beep'm, beep beep, yeah Beep beep'm, beep beep, yeah Beep beep'm, beep beep, yeah","Rubber Soul","John Lennon / Paul McCartney","drive my car"
"Norwegian Wood","I once had a girl Or should I say She once had me She showed me her room Isn't it good? Norwegian wood She asked me to stay And she told me to sit anywhere So I looked around And I noticed there wasn't a chair I sat on a rug Biding my time Drinking her wine We talked until two And then she said It's time for bed She told me she worked in the morning And started to laugh I told her I didn't And crawled off to sleep in the bath And when I awoke I was alone This bird has flown So I lit a fire Isn't it good? Norwegian wood","Rubber Soul","John Lennon / Paul McCartney","norwegian wood"
"You Won't See Me","When I call you up Your line's engaged I have had enough So act your age We have lost the time That was so hard to find And I will lose my mind If you won't see me (you won't see me) You won't see me (you won't see me) I don't know why you Should want to hide But I can't get through My hands are tied I won't want to stay I don't have much to say And I can turn away And you won't see me (you won't see me) You won't see me (you won't see me) Time after time You refuse to even listen I wouldn't mind If I knew what I was missing Though the days are few They're filled with tears And since I lost you It feels like years Yes, it seems so long Girl, since you've been gone And I just can't go on If you won't see me (you won't see me) You won't see me (you won't see me) Time after time You refuse to even listen I wouldn't mind If I knew what I was missing Though the days are few They're filled with tears And since I lost you It feels like years Yes, it seems so long Girl, since you've been gone And I just can't go on If you won't see me (you won't see me) You won't see me (you won't see me) Yeah","Rubber Soul","John Lennon / Paul McCartney","you wont see me"
"Nowhere Man","He's a real nowhere man Sitting in his nowhere land Making all his nowhere plans For nobody Doesn't have a point of view Knows not where he's going to Isn't he a bit like you and me? Nowhere man, please listen You don't know what you're missing Nowhere man, the world is at your command He's as blind as he can be Just sees what he wants to see Nowhere man can you see me at all? Nowhere man, don't worry Take your time, don't hurry Leave it all till somebody else Lends you a hand Doesn't have a point of view Knows not where he's going to Isn't he a bit like you and me? Nowhere man, please listen You don't know what you're missing Nowhere man, the world is at your command He's a real nowhere man Sitting in his nowhere land Making all his nowhere plans For nobody Making all his nowhere plans For nobody Making all his nowhere plans For nobody","Rubber Soul","John Lennon / Paul McCartney","nowhere man"
"Think For Yourself","I've got a word or two To say about the things that you do You're telling all those lies About the good things that we can have if we close our eyes Do what you want to do And go where you're going to Think for yourself 'Cause I won't be there with you I left you far behind The ruins of the life that you have in mind And though you still can't see I know your mind's made up you're gonna cause more misery Do what you want to do And go where you're going to Think for yourself 'Cause I won't be there with you Although your mind's opaque Try thinking more if just for your own sake The future still looks good And you've got time to rectify all the things that you should Do what you want to do And go where you're going to Think for yourself 'Cause I won't be there with you Do what you want to do And go where you're going to Think for yourself 'Cause I won't be there with you","Rubber Soul","George Harrison","think for yourself"
"The Word","Say the word and you'll be free Say the word and be like me Say the word I'm thinking of Have you heard the word is love? It's so fine, it's sunshine It's the word: Love In the beginning I misunderstood But now I've got it, the word is good Spread the word and you'll be free Spread the word and be like me Spread the word I'm thinking of Have you heard the word is love? It's so fine, it's sunshine It's the word: Love Everywhere I go, I hear it said In the good and the bad books that I have read Say the word and you'll be free Say the word and be like me Say the word I'm thinking of Have you heard the word is love? It's so fine, it's sunshine It's the word: Love Now that I know what I feel must be right I mean to show ev'rybody the light Give the word a chance to say That the word is just the way It's the word I'm thinking of And the only word is love It's so fine, it's sunshine It's the word: Love Say the word: Love Say the word: Love Say the word: Love Say the word: Love","Rubber Soul","John Lennon / Paul McCartney","the word"
"Michelle","Michelle, ma belle These are words that go together well My Michelle Michelle, ma belle Sont des mots qui vont très bien ensemble Très bien ensemble I love you, I love you, I love you That's all I want to say Until I find a way I will say the only words I know that you'll understand Michelle, ma belle Sont des mots qui vont très bien ensemble Très bien ensemble I need to, I need to, I need to I need to make you see Oh, what you mean to me Until I do, I'm hoping you will know what I mean I love you I want you, I want you, I want you I think you know by now I'll get to you somehow Until I do, I'm telling you, so you'll understand Michelle, ma belle Sont des mots qui vont très bien ensemble Très bien ensemble And I will say the only words I know that you'll understand My Michelle","Rubber Soul","John Lennon / Paul McCartney","michelle"
"What Goes On","What goes on in your heart? What goes on in your mind? You are tearing me apart When you treat me so unkind What goes on in your mind? The other day I saw you as I walked along the road But when I saw him with you I could feel my future fold It's so easy for a girl like you to lie Tell me why What goes on in your heart? What goes on in your mind? You are tearing me apart When you treat me so unkind What goes on in your mind? I met you in the morning waiting for the tides of time But now the tide is turning, I can see that I was blind It's so easy for a girl like you to lie Tell me why What goes on in your heart? I used to think of no one else, but you were just the same You didn't even think of me as someone with a name Did you mean to break my heart and watch me die? Tell me why What goes on in your heart? What goes on in your mind? You are tearing me apart When you treat me so unkind What goes on in your mind?","Rubber Soul","John Lennon / Paul McCartney / Richard Starkey","what goes on"
"Girl","Is there anybody going to listen to my story All about the girl who came to stay? She's the kind of girl you want so much, it makes you sorry Still, you don't regret a single day Ah, girl Girl, girl, girl When I think of all the times I've tried so hard to leave her She will turn to me and start to cry And she promises the earth to me and I believe her After all this time, I don't know why Ah, girl Girl, girl, girl She's the kind of girl who puts you down When friends are there, you feel a fool When you say she's looking good She acts as if it's understood, she's cool Girl Girl, girl, girl Was she told when she was young that pain would lead to pleasure? Did she understand it when they said That a man must break his back to earn his day of leisure? Will she still believe it when he's dead? Ah, girl Girl, girl, girl, girl Ah, girl Girl, girl","Rubber Soul","John Lennon / Paul McCartney","girl"
"I'm Looking Through You","I'm looking through you, where did you go? I thought I knew you, what did I know? You don't look different, but you have changed I'm looking through you, you're not the same Your lips are moving, I cannot hear Your voice is soothing, but the words aren't clear You don't sound different, I've learnt the game I'm looking through you, you're not the same Why, tell me why did you not treat me right? Love has a nasty habit of disappearing overnight You're thinking of me the same old way You were above me, but not today The only difference is you're down there I'm looking through you and you're nowhere Why, tell me why did you not treat me right? Love has a nasty habit of disappearing overnight I'm looking through you, where did you go? I thought I knew you, what did I know? You don't look different, but you have changed I'm looking through you, you're not the same Yeah, oh, baby, you've changed Ah, I'm looking through you Yeah, I'm looking through you You've changed, you've changed, you've changed, you've changed","Rubber Soul","John Lennon / Paul McCartney","im looking through you"
"In My Life","There are places I'll remember All my life, though some have changed Some forever, not for better Some have gone and some remain All these places had their moments With lovers and friends, I still can recall Some are dead, and some are living In my life, I've loved them all But of all these friends and lovers There is no one compares with you And these memories lose their meaning When I think of love as something new Though I know I'll never lose affection For people and things that went before I know I'll often stop and think about them In my life, I love you more Though I know I'll never lose affection For people and things that went before I know I'll often stop and think about them In my life, I love you more In my life, I love you more","Rubber Soul","John Lennon / Paul McCartney","in my life"
"Wait","It's been a long time, now I'm coming back home I've been away now, oh, how I've been alone Wait till I come back to your side We'll forget the tears we cried But if your heart breaks, don't wait, turn me away And if your heart's strong, hold on, I won't delay Wait till I come back to your side We'll forget the tears we cried I feel as though you ought to know That I've been good, as good as I can be And if you do, I'll trust in you And know that you will wait for me It's been a long time, now I'm coming back home I've been away now, oh, how I've been alone Wait till I come back to your side We'll forget the tears we cried I feel as though you ought to know That I've been good, as good as I can be And if you do, I'll trust in you And know that you will wait for me But if your heart breaks, don't wait, turn me away And if your heart's strong, hold on, I won't delay Wait till I come back to your side We'll forget the tears we cried It's been a long time, now I'm coming back home I've been away now, oh, how I've been alone","Rubber Soul","John Lennon / Paul McCartney","wait"
"If I Needed Someone","If I needed someone to love You're the one that I'd be thinking of If I needed someone If I had some more time to spend Then I guess I'd be with you my friend If I needed someone Had you come some other day Then it might not have been like this But you see now I'm too much in love Carve your number on my wall And maybe you will get a call from me If I needed someone Ah, ah, ah, ah If I had some more time to spend Then I guess I'd be with you my friend If I needed someone Had you come some other day Then it might not have been like this But you see now I'm too much in love Carve your number on my wall And maybe you will get a call from me If I needed someone Ah, ah","Rubber Soul","George Harrison","if i needed someone"
"Run For Your Life","Well, I'd rather see you dead, little girl, than to be with another man You better keep your head, little girl, or I won't know where I am You better run for your life if you can, little girl Hide your head in the sand, little girl Catch you with another man, that's the end, little girl Well, you know that I'm a wicked guy and I was born with a jealous mind And I can't spend my whole life trying just to make you toe the line You better run for your life if you can, little girl Hide your head in the sand, little girl Catch you with another man, that's the end, little girl Let this be a sermon, I mean everything I've said Baby, I'm determined and I'd rather see you dead You better run for your life if you can, little girl Hide your head in the sand, little girl Catch you with another man, that's the end, little girl I'd rather see you dead, little girl, than to be with another man You better keep your head, little girl or you won't know where I am You better run for your life if you can, little girl Hide your head in the sand, little girl Catch you with another man, that's the end, little girl Na, na, na Na, na, na Na, na, na","Rubber Soul","John Lennon / Paul McCartney","run for your life"
"Taxman","One, two, three, four One, two Let me tell you how it will be There's one for you, nineteen for me 'Cause I'm the taxman Yeah, I'm the taxman Should five percent appear too small Be thankful I don't take it all 'Cause I'm the taxman Yeah, I'm the taxman (If you drive a car) I'll tax the street (If you try to sit) I'll tax your seat (If you get too cold) I'll tax the heat (If you take a walk) I'll tax your feet Taxman 'Cause I'm the taxman Yeah, I'm the taxman Don't ask me what I want it for (Uh-uh, Mr. Wilson) If you don't want to pay some more (Uh-uh, Mr. Heath) 'Cause I'm the taxman Yeah, I'm the taxman And my advice for those who die (Taxman) Declare the pennies on your eyes (Taxman) 'Cause I'm the taxman Yeah, I'm the taxman And you're working for no one but me (Taxman)","Revolver","George Harrison","taxman"
"Eleanor Rigby","Ah, look at all the lonely people! Ah, look at all the lonely people! Eleanor Rigby Picks up the rice in the church where a wedding has been Lives in a dream, waits at the window Wearing the face that she keeps in a jar by the door Who is it for? All the lonely people Where do they all come from? All the lonely people Where do they all belong? Father McKenzie Writing the words of a sermon that no one will hear No one comes near, look at him working Darning his socks in the night when there's nobody there What does he care? All the lonely people Where do they all come from? All the lonely people Where do they all belong? Ah, look at all the lonely people! Ah, look at all the lonely people! Eleanor Rigby Died in the church and was buried along with her name Nobody came Father McKenzie Wiping the dirt from his hands as he walks from the grave No one was saved All the lonely people (ah, look at all the lonely people!) Where do they all come from? All the lonely people (ah, look at all the lonely people!) Where do they all belong?","Revolver","John Lennon / Paul McCartney","eleanor rigby"
"I'm Only Sleeping","When I wake up early in the morning Lift my head, I'm still yawning When I'm in the middle of a dream Stay in bed, float upstream (float upstream) Please, don't wake me No, don't shake me Leave me where I am I'm only sleeping Everybody seems to think I'm lazy I don't mind, I think they're crazy Running everywhere at such a speed Till they find there's no need (there's no need) Please, don't spoil my day I'm miles away And after all I'm only sleeping Keeping an eye on the world going by my window Taking my time Lying there and staring at the ceiling Waiting for that sleepy feeling Please, don't spoil my day I'm miles away And after all I'm only sleeping Keeping an eye on the world going by my window Taking my time When I wake up early in the morning Lift my head, I'm still yawning When I'm in the middle of a dream Stay in bed, float upstream (float upstream) Please, don't wake me No, don't shake me Leave me where I am I'm only sleeping","Revolver","John Lennon / Paul McCartney","im only sleeping"
"Love You To","Each day just goes so fast I turn around, it's past You don't get time to hang a sign on me Love me while you can Before I'm a dead old man A life-time is so short A new one can't be bought But what you've got means such a lot to me Make love all day long Make love singing songs Make love all day long Make love singing songs There's people standing round Who'll screw you in the ground They'll fill you in with all their sins, you'll see I'll make love to you If you want me to","Revolver","George Harrison","love you to"
"Here, There And Everywhere","To lead a better life I need my love to be here Here Making each day of the year Changing my life with a wave of her hand Nobody can Deny that there's something there There Running my hands through her hair Both of us thinking how good it can be Someone is speaking But she doesn't know he's there I want her everywhere And if she's beside me I know I need never care But to love her is to need her Everywhere Knowing that love is to share Each one believing that love never dies Watching her eyes And hoping I'm always there I want her everywhere And if she's beside me I know I need never care But to love her is to need her Everywhere Knowing that love is to share Each one believing that love never dies Watching her eyes And hoping I'm always there I will be there And everywhere Here, there and everywhere","Revolver","John Lennon / Paul McCartney","here there and everywhere"
"Yellow Submarine","In the town where I was born Lived a man who sailed the sea And he told us of his life In the land of submarines So we sailed up to the Sun Till we found the sea of green And we lived beneath the waves In our yellow submarine We all live in a yellow submarine Yellow submarine, yellow submarine We all live in a yellow submarine Yellow submarine, yellow submarine And our friends are all aboard Many more of them live next door And the band begins to play We all live in a yellow submarine Yellow submarine, yellow submarine We all live in a yellow submarine Yellow submarine, yellow submarine (Full speed ahead, Mister Bosun, full speed ahead!) (Full speed immediately, Sargeant!) (Cut the cable! Drop the cable!) (Aye-aye, sir, aye-aye) (Captain! Captain!) As we live a life of ease Every one of us (every one of us) Has all we need (has all we need) Sky of blue (sky of blue) And sea of green (sea of green) In our yellow (in our yellow) submarine (submarine, haha) We all live in a yellow submarine Yellow submarine, yellow submarine We all live in a yellow submarine Yellow submarine, yellow submarine We all live in a yellow submarine Yellow submarine, yellow submarine We all live in a yellow submarine Yellow submarine, yellow submarine","Revolver","John Lennon / Paul McCartney","yellow submarine"
"She Said She Said","She said I know what it's like to be dead I know what it is to be sad And she's making me feel like I've never been born I said Who put all those things in your head? Things that make me feel that I'm mad And you're making me feel like I've never been born She said: You don't understand what I've said I said: No, no, no, you're wrong When I was a boy Everything was right Everything was right I said Even though you know what you know I know that I'm ready to leave Because you're making me feel like I've never been born She said: You don't understand what I've said I said: No, no, no, you're wrong When I was a boy Everything was right Everything was right I said Even though you know what you know I know that I'm ready to leave Because you're making me feel like I've never been born She said, she said I know what it's like to be dead I know what it's like to be dead I know what it is to be sad I know what it is to be sad I know what it's like to be dead","Revolver","John Lennon / Paul McCartney","she said she said"
"Good Day Sunshine","Good day sunshine Good day sunshine Good day sunshine I need to laugh, and when the Sun is out I've got something I can laugh about I feel good, in a special way I'm in love and it's a sunny day Good day sunshine Good day sunshine Good day sunshine We take a walk, the Sun is shining down Burns my feet as they touch the ground Good day sunshine Good day sunshine Good day sunshine Then we lie beneath a shady tree I love her and she's loving me She feels good (she feels good), she know she's looking fine I'm so proud to know that she is mine Good day sunshine Good day sunshine Good day sunshine Good day sunshine Good day sunshine Good day sunshine","Revolver","John Lennon / Paul McCartney","good day sunshine"
"And Your Bird Can Sing","Tell me that you've got everything you want And your bird can sing But you don't get me You don't get me You say you've seen seven wonders And your bird is green But you can't see me You can't see me When your prized possessions Start to weigh you down Look in my direction I'll be 'round I'll be 'round When your bird is broken Will it bring you down? You may be awoken I'll be 'round I'll be 'round Tell me that you've heard every sound there is And your bird can swing But you can't hear me You can't hear me","Revolver","John Lennon / Paul McCartney","and your bird can sing"
"For No One","Your day breaks Your mind aches You find that all Her words of kindness Linger on When she no longer needs you She wakes up She makes up She takes her time And doesn't feel She has to hurry She no longer needs you And in her eyes you see nothing No sign of love behind the tears Cried for no one A love that should have lasted years You want her You need her And yet you don't believe her When she says Her love is dead You think she needs you And in her eyes you see nothing No sign of love behind the tears Cried for no one A love that should have lasted years You stay home She goes out She says that long ago She knew someone But now he's gone She doesn't need him Your day breaks Your mind aches There will be times When all the things she said Will fill your head You won't forget her And in her eyes you see nothing No sign of love behind the tears Cried for no one A love that should have lasted years","Revolver","John Lennon / Paul McCartney","for no one"
"Doctor Robert","Ring, my friend, I said you'd call Doctor Robert Day or night he'll be there anytime at all Doctor Robert Doctor Robert You're a new and better man He helps you to understand He does everything he can Doctor Robert If you are down he'll pick you up Doctor Robert Take a drink from his special cup Doctor Robert Doctor Robert He's a man you must believe Helping every one in need No one can succeed like Doctor Robert Well, well, well, you're feeling fine Well, well, well, he'll make you Doctor Robert My friend works with the National Health Doctor Robert Don't pay money just to see yourself with Doctor Robert Doctor Robert You're a new and better man He helps you to understand He does everything he can Bob Robert Well, well, well, you're feeling fine Well, well, well, he'll make you Doctor Robert Ring, my friend, I said you'd call Doctor Robert Ring, my friend, I said you'd call Doctor Robert Doctor Robert","Revolver","John Lennon / Paul McCartney","doctor robert"
"I Want To Tell You","I want to tell you My head is filled with things to say When you're here All those words they seem to slip away When I get near you The games begin to drag me down It's alright I'll make you maybe next time around But if I seem to act unkind It's only me, it's not my mind That is confusing things I want to tell you I feel hung up and I don't know why I don't mind, I could wait forever I've got time Sometimes I wish I knew you well Then I could speak my mind and tell you Maybe you'd understand I want to tell you I feel hung up and I don't know why I don't mind, I could wait forever I've got time. I've got time","Revolver","George Harrison","i want to tell you"
"Got To Get You Into My Life","I was alone, I took a ride I didn't know what I would find there Another road where maybe I Could see another kind of mind there Ooh, then I suddenly see you Ooh, did I tell you I need you Every single day of my life? You didn't run, you didn't lie You knew I wanted just to hold you And had you gone, you knew in time We'd meet again, for I had told you Ooh, you were meant to be near me Ooh, and I want you to hear me Say we'll be together every day Got to get you into my life What can I do, what can I be? When I'm with you, I wanna stay there If I'm true, I'll never leave And if I do, I know the way there Ooh, then I suddenly see you Ooh, did I tell you I need you Every single day of my life? Got to get you into my life Got to get you into my life I was alone, I took a ride I didn't know what I would find there Another road where maybe I Could see another kind of mind there Then, suddenly, I see you Did I tell you I need you Every single day of my life?","Revolver","John Lennon / Paul McCartney","got to get you into my life"
"Tomorrow Never Knows","Turn off your mind, relax and float downstream It is not dying It is not dying Lay down all thoughts, surrender to the void It is shining It is shining That you may see the meaning of within It is being It is being That love is all and love is everyone It is knowing It is knowing That ignorance and hate may mourn the dead It is believing It is believing But listen to the colour of your dreams It is not living It is not living Or play the Game Existence to the end Of the beginning Of the beginning Of the beginning Of the beginning Of the beginning Of the beginning Of the beginning","Revolver","John Lennon / Paul McCartney","tomorrow never knows"
"Sgt. Pepper's Lonely Hearts Club Band","It was twenty years ago today Sergeant Pepper taught the band to play They've been going in and out of style But they're guaranteed to raise a smile So may I introduce to you The act you've known for all these years Sergeant Pepper's Lonely Hearts Club Band We're Sergeant Pepper's Lonely Hearts Club Band We hope you will enjoy the show Sergeant Pepper's Lonely Hearts Club Band Sit back and let the evening go Sergeant Pepper's Lonely Sergeant Pepper's Lonely Sergeant Pepper's Lonely Hearts Club Band It's wonderful to be here It's certainly a thrill You're such a lovely audience We'd like to take you home with us We'd love to take you home I don't really want to stop the show But I thought you might like to know That the singer's going to sing a song And he wants you all to sing along So let me introduce to you The one and only Billy Shears And Sergeant Pepper's Lonely Hearts Club Band","Sgt. Pepper's Lonely Hearts Club Band","John Lennon / Paul McCartney","sgt peppers lonely hearts club band"
"With a Little Help From My Friends","Billy Shears! What would you think if I sang out of tune? Would you stand up and walk out on me? Lend me your ears and I'll sing you a song And I'll try not to sing out of key Oh, I get by with a little help from my friends Hmm, I get high with a little help from my friends Hmm, gonna try with a little help from my friends What do I do when my love is away? (Does it worry you to be alone?) How do I feel by the end of the day? (Are you sad because you're on your own?) No, I get by with a little help from my friends Hmm, get high with a little help from my friends Hmm, gonna try with a little help from my friends Do you need anybody? I need somebody to love Could it be anybody? I want somebody to love Would you believe in a love at first sight? Yes, I'm certain that it happens all the time What do you see when you turn out the light? I can't tell you, but I know it's mine Oh, I get by with a little help from my friends Hmm, get high with a little help from my friends Hmm, I'm gonna try with a little help from my friends Do you need anybody? I just need someone to love Could it be anybody? I want somebody to love Oh, I get by with a little help from my friends Hmm, gonna try with a little help from my friends Oh, I get high with a little help from my friends Yes, I get by with a little help from my friends With a little help from my friends","Sgt. Pepper's Lonely Hearts Club Band","John Lennon / Paul McCartney","with a little help from my friends"
"Lucy In The Sky With Diamonds","Picture yourself in a boat on a river With tangerine trees and marmalade skies Somebody calls you, you answer quite slowly A girl with kaleidoscope eyes Cellophane flowers of yellow and green Towering over your head Look for the girl with the Sun in her eyes And she's gone Lucy in the sky with diamonds Lucy in the sky with diamonds Lucy in the sky with diamonds Follow her down to a bridge by a fountain Where rocking horse people eat marshmallow pies Everyone smiles as you drift past the flowers That grow so incredibly high Newspaper taxis appear on the shore Waiting to take you away Climb in the back with your head in the clouds And you're gone Lucy in the sky with diamonds Lucy in the sky with diamonds Lucy in the sky with diamonds Picture yourself on a train in a station With plasticine porters with looking glass ties Suddenly, someone is there at the turnstile The girl with kaleidoscope eyes Lucy in the sky with diamonds Lucy in the sky with diamonds Lucy in the sky with diamonds Lucy in the sky with diamonds Lucy in the sky with diamonds Lucy in the sky with diamonds Lucy in the sky with diamonds Lucy in the sky with diamonds Lucy in the sky with diamonds","Sgt. Pepper's Lonely Hearts Club Band","John Lennon / Paul McCartney","lucy in the sky with diamonds"
"Getting Better","It's getting better all the time! I used to get mad at my school (No, I can't complain!) The teachers who taught me weren't cool (No, I can't complain!) You're holding me down (ah), turning me round (ooh) Filling me up with your rules (Fool, you fool!) I've got to admit it's getting better (better) A little better all the time (It can't get more worse!) I have to admit it's getting better (better) It's getting better since you've been mine Me used to be angry young man Me hiding me head in the sand You gave me the word, I finally heard I'm doing the best that I can I've got to admit it's getting better (better) A little better all the time (It can't get more worse) I have to admit it's getting better (better) It's getting better since you've been mine Getting so much better all the time It's getting better all the time Better! Better! Better! It's getting better all the time Better! Better! Better! I used to be cruel to my woman I beat her and kept her apart from the things that she loved Man, I was mean but I'm changing my scene And I'm doing the best that I can (Fool, you fool!) I admit it's getting better (better) A little better all the time (It can't get more worse) Yes, I admit it's getting better (better) It's getting better since you've been mine Getting so much better all the time It's getting better all the time Better! Better! Better! It's getting better all the time Better! Better! Better! Getting so much better all the time","Sgt. Pepper's Lonely Hearts Club Band","John Lennon / Paul McCartney","getting better"
"Fixing a Hole","I'm fixing a hole where the rain gets in And stops my mind from wandering Where it will go I'm filling in the cracks that ran through the door And kept my mind from wandering Where it will go And it really doesn't matter if I'm wrong I'm right Where I belong I'm right Where I belong See the people standing there who Disagree and never win And wonder why they don't get in my door I'm painting the room in a colorful way And when my mind is wandering There I will go And it really doesn't matter if I'm wrong I'm right Where I belong I'm right Where I belong Silly people run around they worry me And never ask me why they don't get past my door I'm taking the time for a number of things That weren't important yesterday And I still go I'm fixing a hole where the rain gets in And stops my mind from wandering Where it will go Where it will go I'm fixing a hole where the rain gets in And stops my mind from wandering Where it will go Where it will go","Sgt. Pepper's Lonely Hearts Club Band","John Lennon / Paul McCartney","fixing a hole"
"She's Leaving Home","Wednesday morning at five o'clock As the day begins Silently closing her bedroom door Leaving the note that she hoped would say more She goes downstairs to the kitchen Clutching her handkerchief Quietly turning the backdoor key Stepping outside, she is free She (We gave her most of our lives) Is leaving (Sacrified most of our lives) Home (We gave her everything money could buy) She's leaving home after living alone (bye, bye) For so many years Father snores as his wife gets into Her dressing gown Picks up the letter that's lying there Standing alone at the top of the stairs She breaks down and cries to her husband Daddy, our baby is gone Why would she treat us so thoughtlessly? How could she do this to me? She (We never thought of ourselves) Is leaving (Never a thought for ourselves) Home (We struggled hard all our lives to get by) She's leaving home after living alone (bye, bye) For so many years Friday morning, at nine o'clock She is far away Waiting to keep the appointment she made Meeting a man from the motor trade She (What did we do that was wrong?) Is having (We didn't know it was wrong) Fun (Fun is the one thing that money can't buy) Something inside that was always denied (bye, bye) For so many years She's leaving home Bye, bye","Sgt. Pepper's Lonely Hearts Club Band","John Lennon / Paul McCartney","shes leaving home"
"Being For The Benefit Of Mr. Kite!","For the benefit of Mr. Kite There will be a show tonight On trampoline The Hendersons will all be there Late of Pablo Fanque's Fair What a scene Over men and horses, hoops and garters Lastly, through a hog's head of real fire In this way Mr. K will challenge the world The celebrated Mr. K. Performs his feat on Saturday At Bishop's Gate The Hendersons will dance and sing As Mr. Kite flies through the ring Don't be late! Misters K. and H. assure the public Their production will be second to none And, of course, Henry the horse dances the waltz The band begins at ten to six When Mr. K. performs his tricks Without a sound And Mr. H. will demonstrate Ten somersets he'll undertake On solid ground Having been some days in preparation A splendid time is guaranteed for all And tonight Mr. Kite is topping the bill","Sgt. Pepper's Lonely Hearts Club Band","John Lennon / Paul McCartney","being for the benefit of mr kite"
"Within You Without You","We were talking About the space between us all And the people Who hide themselves behind a wall Of illusion Never glimpse the truth When it's far too late When they pass away We were talking about the love we all could share When we find it To try our best to hold it there (With our love) With our love we could save the world If they only knew Try to realise its all within yourself No one else can make you change And to see you're really only very small And life flows on within you And without you We were talking About the love thats gone so cold And the people Who gain the world and lose their soul They don't know They can't see Are you one of them? When you've seen beyond yourself Then you may find peace of mind is waiting there And the time will come when you see We're all one and life flows on Within you and without you","Sgt. Pepper's Lonely Hearts Club Band","George Harrison","within you without you"
"When I'm Sixty Four","When I get older, losing my hair Many years from now Will you still be sending me a Valentine Birthday greetings, bottle of wine? If I'd been out till quarter to three Would you lock the door? Will you still need me, will you still feed me When I'm sixty-four? You'll be older too And if you say the word I could stay with you I could be handy, mending a fuse When your lights have gone You can knit a sweater by the fireside Sunday morning go for a ride Doing the garden, digging the weeds Who could ask for more? Will you still need me, will you still feed me When I'm sixty-four? Every summer we can rent a cottage In the Isle of Wight, if it's not too, dear We shall scrimp and save (we shall scrimp and save) Grandchildren on your knee Vera, Chuck and Dave Send me a postcard, drop me a line Stating point of view Indicate precisely what you mean to say Yours sincerely wasting away Give me your answer, fill in a form Mine for evermore Will you still need me, will you still feed me When I'm sixty-four? Whoo!","Sgt. Pepper's Lonely Hearts Club Band","John Lennon / Paul McCartney","when im sixty four"
"Lovely Rita","Lovely Rita, meter maid Lovely Rita, meter maid Lovely Rita, meter maid Nothing can come between us When it gets dark I tow your heart away Standing by a parking meter When I caught a glipmse of Rita Filling in a ticket in her little white book In a cap she looked much older And the bag across her shoulder Made her look a little like a military man Lovely Rita, meter maid May I inquire discreetly (lovely Rita) When you are free To take some tea with me? (Lovely Rita maid) Rita! Took her out and tried to win her Had a laugh and over dinner Told her I would really like to see her again Got the bill and Rita paid it Took her home and nearly made it Sitting on a sofa with a sister or two Oh, lovely Rita, meter maid Where would I be without you? Give us a wink and make me think of you Lovely Rita, meter maid (lovely meter maid) Lovely Rita, meter maid (Rita, meter maid) Lovely Rita, meter maid (oh, lovely Rita, meter, meter maid) Lovely Rita, meter maid","Sgt. Pepper's Lonely Hearts Club Band","John Lennon / Paul McCartney","lovely rita"
"Good Morning, Good Morning","Good morning, good morning Good morning, good morning Good morning Nothing to do to save his life, call his wife in Nothing to say but what a day, how's your boy been? Nothing to do, it's up to you I've got nothing to say but it's okay Good morning, good morning Good morning Going to work, don't want to go, feeling low down Heading for home, you start to roam, then you're in town Everybody knows there's nothing doing Everything is closed, it's like a ruin Everyone you see is half asleep And you're on your own, you're in the street After a while you start to smile, now you feel cool Then you decide to take a walk by the old school Nothing has changed, it's still the same I've got nothing to say but it's okay Good morning, good morning Good morning People running round, it's five o'clock Everywhere in town it's getting dark Everyone you see is full of life It's time for tea and Meet the Wife Somebody needs to know the time, glad that I'm here Watching the skirts, you start to flirt, now you're in gear Go to a show, you hope she goes I've got nothing to say, but it's okay Good morning, good morning Good Good morning, good morning, good Good morning, good morning, good Good morning, good morning, good Good morning, good morning, good Guten Morgen, guten Morgen, gut Guten Morgen, guten Morgen, gut Guten Morgen, guten Morgen, gut Guten Morgen, guten Morgen, gut","Sgt. Pepper's Lonely Hearts Club Band","John Lennon / Paul McCartney","good morning good morning"
"Sgt. Pepper's Lonely Hearts Club Band (reprise)","It was twenty years ago today Sergeant Pepper taught the band to play They've been going in and out of style But they're guaranteed to raise a smile So may I introduce to you The act you've known for all these years Sergeant Pepper's Lonely Hearts Club Band We're Sergeant Pepper's Lonely Hearts Club Band We hope you will enjoy the show Sergeant Pepper's Lonely Hearts Club Band Sit back and let the evening go Sergeant Pepper's Lonely Sergeant Pepper's Lonely Sergeant Pepper's Lonely Hearts Club Band It's wonderful to be here It's certainly a thrill You're such a lovely audience We'd like to take you home with us We'd love to take you home I don't really want to stop the show But I thought you might like to know That the singer's going to sing a song And he wants you all to sing along So let me introduce to you The one and only Billy Shears And Sergeant Pepper's Lonely Hearts Club Band","Sgt. Pepper's Lonely Hearts Club Band","John Lennon / Paul McCartney","sgt peppers lonely hearts club band reprise"
"A Day In The Life","I read the news today, oh, boy About a lucky man who made the grade And though the news was rather sad Well, I just had to laugh I saw the photograph He blew his mind out in a car He didn't notice that the lights had changed A crowd of people stood and stared They'd seen his face before Nobody was really sure if he was from the House of Lords I saw a film today, oh, boy The English Army had just won the war A crowd of people turned away But I just had to look Having read the book I'd love to turn you on Woke up, fell out of bed Dragged a comb across my head Found my way downstairs and drank a cup And looking up, I noticed I was late Found my coat and grabbed my hat Made the bus in seconds flat Found my way upstairs and had a smoke And somebody spoke, and I went into a dream (Aah, aah, aah, aah) I read the news today, oh, boy Four thousand holes in Blackburn, Lancashire And though the holes were rather small They had to count them all Now they know how many holes it takes to fill the Albert Hall I'd love to turn you on","Sgt. Pepper's Lonely Hearts Club Band","John Lennon / Paul McCartney","a day in the life"
"Magical Mystery Tour","Roll up! Roll up for the magical mystery tour! Step right this way! Roll up Roll up for the mystery tour Roll up Roll up for the mystery tour Roll up (and that's an invitation) Roll up for the mystery tour Roll up (to make a reservation) Roll up for the mystery tour The magical mystery tour is waiting to take you away Waiting to take you away Roll up Roll up for the mystery tour Roll up Roll up for the mystery tour Roll up (we've got everything you need) Roll up for the mystery tour Roll up (satisfaction guaranteed) Roll up for the mystery tour The magical mystery tour is hoping to take you away Hoping to take you away A mystery trip Ah, the magical mystery tour Roll up Roll up for the mystery tour Roll up (and that's an invitation) Roll up for the mystery tour Roll up (to make a reservation) Roll up for the mystery tour The magical mystery tour is coming to take you away Coming to take you away The magical mystery tour is dying to take you away Dying to take you away, take you today","Magical Mystery Tour","John Lennon / Paul McCartney","magical mystery tour"
"The Fool On The Hill","Day after day, alone on a hill The man with the foolish grin is keeping perfectly still But nobody wants to know him They can see that he's just a fool And he never gives an answer But the fool on the hill Sees the Sun going down And the eyes in his head See the world spinning around Well on the way Head in a cloud The man of a thousand voices talking perfectly loud But nobody ever hears him or the sound he appears to make And he never seems to notice But the fool on the hill Sees the Sun going down And the eyes in his head See the world spinning around And nobody seems to like him They can tell what he wants to do And he never shows his feelings But the fool on the hill Sees the Sun going down And the eyes in his head See the world spinning around Oh Round and round and round and round and round He never listens to them He knows that they're the fools They don't like him The fool on the hill Sees the Sun going down And the eyes in his head See the world spinning around Oh (round and round and round) Oh","Magical Mystery Tour","John Lennon / Paul McCartney","the fool on the hill"
"Flying","La la la la la La la la la la La la la la la La la la la la La la la la, la la la la La la la la la","Magical Mystery Tour","George Harrison / John Lennon / Paul McCartney / Ringo Starr","flying"
"Blue Jay Way","There's a fog upon LA And my friends have lost their way We'll be over soon, they said Now, they've lost themselves instead Please, don't be long Please, don't you be very long Please, don't be long Or I may be asleep Well, it only goes to show And I told them where to go Ask a p'liceman on the street There's so many there to meet Please, don't be long (don't be long) Please, don't you be very long (don't be long) Please, don't be long Or I may be asleep Now, it's past my bed, I know, (know) And I'd really like to go (go) Soon will be the break of day (day) Sitting here in Blue Jay Way (Way) Please, don't be long (don't be long) Please, don't you be very long (don't be long) Please, don't be long Or I may be asleep Please, don't be long Please, don't you be very long Please, don't be long Please, don't you be very long Please, don't be long Please, don't be long Please, don't you be very long Please, don't be long Don't be long Don't be long Don't be long Don't be long Don't be long Don't be long Don't be long","Magical Mystery Tour","George Harrison","blue jay way"
"Your Mother Should Know","Oh Let's all get up and dance to a song That was a hit before your mother was born Though she was born a long, long time ago Your mother should know (your mother should) Your mother should know (know) Sing it again Let's all get up and dance to a song That was a hit before your mother was born Though she was born a long, long time ago Your mother should know (your mother should) Your mother should know (know) Lift up your hearts and sing me a song That was a hit before your mother was born Though she was born a long, long time ago Your mother should know (your mother should) Your mother should know (know) Your mother should know (your mother should) Your mother should know (know) Sing it again Da, da, da, da, da, da, da, da, da, da Da, da, da, da, da, da, da, da, da, da, da Though she was born a long, long time ago Your mother should know (your mother should) Your mother should know (yeah) Your mother should know (your mother should) Your mother should know (yeah) Your mother should know (your mother should) Your mother should know (yeah)","Magical Mystery Tour","John Lennon / Paul McCartney","your mother should know"
"I Am The Walrus","I am he, as you are he As you are me, and we are all together See how they run like pigs from a gun See how they fly, I'm crying! Sitting on a cornflake Waiting for the van to come Corporation t-shirt Stupid bloody Tuesday Man, you've been a naughty boy You let your face grow long I am the egg man! They are the egg men! I am the walrus! Goo, goo, goo, joob! Mister City, policeman sitting Pretty little policemen in a row See how they fly like Lucy in the sky! See how they run! I'm crying! I'm crying! I'm crying! I'm crying! Yellow matter custard Dripping from a dead dog's eye Crabalocker fishwife Pornographic priestess Boy, you've been a naughty girl You let your knickers down I am the egg man! They are the egg men! I am the walrus! Goo, goo, goo, joob! Sitting in an English garden Waiting for the Sun If the Sun don't come, you get a tan From standing in the English rain I am the egg man! They are the egg men! I am the walrus Goo, goo, goo, joob! Expert, textpert, choking smokers Don't you think the joker laughs at you? See how they smile like pigs in a sty See how they snide, I'm crying! Semolina Pilchard Climbing up the Eiffel Tower Elementary penguin singing Hare Krishna Man, you should have seen them Kicking Edgar Allan Poe I am the egg man! They are the egg men! I am the walrus! Goo, goo, goo, joob! Goo, goo, goo, goo, joob! Goo, goo, goo, joob Goo, goo, goo, goo, job Goo, goo! Joob! Joob! Joob! Joob! Joob! Joob! Joob! Joob! Joob! Joob! Joob! Joob! Joob! Joob! Joob!","Magical Mystery Tour","John Lennon / Paul McCartney","i am the walrus"
"Hello, Goodbye","You say yes, I say no You say stop and I say go, go, go Oh, no You say goodbye and I say hello Hello, hello I don't know why you say goodbye, I say hello Hello, hello I don't know why you say goodbye, I say hello I say high, you say low You say why and I say I don't know Oh, no You say goodbye and I say hello (Hello, goodbye, hello, goodbye) Hello, hello (Hello, goodbye) I don't know why you say goodbye, I say hello (Hello, goodbye, hello, goodbye) Hello, hello (Hello, goodbye) I don't know why you say goodbye, I say hello (Hello, goodbye) Why, why, why, why, why, why do you say goodbye? Goodbye, bye, bye, bye, bye Oh, no You say goodbye and I say hello Hello, hello I don't know why you say goodbye, I say hello Hello, hello I don't know why you say goodbye, I say hello You say yes (I say yes) I say no (but I may mean no) You say stop (I can stay) And I say go, go, go (till it's time to go) Oh, oh, no You say goodbye and I say hello Hello, hello I don't know why you say goodbye, I say hello Hello, hello I don't know why you say goodbye, I say hello Hello, hello I don't know why you say goodbye, I say hello, oh, oh Hello Hela, heba, helloa Hela, heba, helloa, cha-cha-cha Hela, heba, helloa, woo Hela, heba, helloa, hela Hela, heba, helloa, cha-cha-cha Hela, heba, helloa, woo-hoo Hela, heba, helloa, cha-cha-cha Hela, heba, helloa, cha-cha-cha","Magical Mystery Tour","John Lennon / Paul McCartney","hello goodbye"
"Strawberry Fields Forever","Let me take you down 'Cause I'm going to Strawberry Fields Nothing is real And nothing to get hung about Strawberry Fields forever Living is easy with eyes closed Misunderstanding all you see It's getting hard to be someone But it'll all works out It doesn't matter much to me Let me take you down 'Cause I'm going to Strawberry Fields Nothing is real And nothing to get hung about Strawberry Fields forever No one, I think, is in my tree I mean, it must be high or low That is, you can't, you know, tune in But it's all right That is, I think it's not too bad Let me take you down 'Cause I'm going to Strawberry Fields Nothing is real And nothing to get hung about Strawberry Fields forever Always, no, sometimes, think it's me But you know I know when it's a dream I think a no, I mean, a yes But it's all wrong That is, I think I disagree Let me take you down 'Cause I'm going to Strawberry Fields Nothing is real And nothing to get hung about Strawberry Fields forever Strawberry Fields forever Strawberry Fields forever","Magical Mystery Tour","John Lennon / Paul McCartney","strawberry fields forever"
"Penny Lane","In Penny Lane there is a barber showing photographs Of every head he's had the pleasure to known And all the people that come and go Stop and say: Hello! On the corner is a banker with a motor car The little children laugh at him behind his back And the banker never wears a mac In the pouring rain, very strange Penny Lane is in my ears and in my eyes There beneath the blue suburban skies I sit and meanwhile back In Penny Lane there is a fireman with an hourglass And in his pocket is a portrait of the queen He likes to keep his fire engine clean It's a clean machine Penny Lane is in my ears and in my eyes A four of fish and finger pies In summer, meanwhile back Behind the shelter in the middle of the roundabout The pretty nurse is selling poppies from a tray And though she feels as if she's in a play She is anyway In Penny Lane the barber shaves another customer We see the banker sitting waiting for a trim And then the fireman rushes in From the pouring rain, very strange Penny Lane is in my ears and in my eyes There beneath the blue suburban skies I sit and meanwhile back Penny Lane is in my ears and in my eyes There beneath the blue suburban skies Penny Lane!","Magical Mystery Tour","John Lennon / Paul McCartney","penny lane"
"Baby, You're A Rich Man","How does it feel to be One of the beautiful people? Now that you know who you are What do you want to be? And have you travelled very far? Far as the eye can see How does it feel to be One of the beautiful people? How often have you been there? Often enough to know What did you see, when you were there? Nothing that doesn't show Baby, you're a rich man Baby, you're a rich man Baby, you're a rich man too You keep all your money in a big brown bag Inside a zoo What a thing to do Baby, you're a rich man Baby, you're a rich man Baby, you're a rich man too How does it feel to be One of the beautiful people? Tuned to a natural E Happy to be that way Now that you've found another key What are you going to play? Baby, you're a rich man Baby, you're a rich man Baby, you're a rich man too You keep all your money in a big brown bag Inside a zoo What a thing to do Baby, baby, you're a rich man Baby, you're a rich man Baby, you're a rich man too Baby, you're a rich man Baby, you're a rich man Baby, you're a rich man too","Magical Mystery Tour","John Lennon / Paul McCartney","baby youre a rich man"
"All You Need Is Love","Love, love, love Love, love, love Love, love, love (Love) there's nothing you can do that can't be done (Love) nothing you can sing that can't be sung (Love) nothing you can say, but you can learn How the play the game It's easy (Love) there's nothing you can make that can't be made (Love) no one you can save that can't be saved (Love) nothing you can do, but you can learn How to be you in time It's easy All you need is love All you need is love All you need is love, love Love is all you need Love, love, love Love, love, love Love, love, love All you need is love All you need is love All you need is love, love Love is all you need (Love) there's nothing you can know that isn't known (Love) nothing you can see that isn't shown (Love) nowhere you can be That isn't where you're meant to be It's easy All you need is love All you need is love All you need is love, love Love is all you need All you need is love (All together, now!) All you need is love (Everybody) All you need is love, love Love is all you need (Love is all you need) Love is all you need (Love is all you need) Love is all you need (Love is all you need) Love is all you need (Love is all you need) Love is all you need (Love is all you need) (She loves you, yeah, yeah, yeah!) (Love is all you need)","Magical Mystery Tour","John Lennon / Paul McCartney","all you need is love"
"Back In The U.S.S.R.","Oh, flew in from Miami Beach BOAC Didn't get to bed last night On the way, the paper bag was on my knee Man, I had a dreadful flight I'm back in the USSR You don't know how lucky you are, boy Back in the USSR (Yeah) Been away so long, I hardly knew the place Gee, it's good to be back home Leave it till tomorrow to unpack my case Honey, disconnect the phone I'm back in the USSR You don't know how lucky you are, boy Back in the US, back in the US Back in the USSR​ Well, the Ukraine girls really knock me out They leave the West behind And Moscow girls make me sing and shout That Georgia's always on my mi-mi-mi-mi-mi-mi-mi-mi-mind Oh, come on! Yeah, I'm back in the USSR​ You don't know how lucky you are, boys Back in the USSR​ Well, the Ukraine girls really knock me out They leave the West behind And Moscow girls make me sing and shout That Georgia's always on my mi-mi-mi-mi-mi-mi-mi-mi-mind Oh, show me 'round your snow-peaked mountains way down south Take me to your daddy's farm Let me hear your balalaikas ringing out Come and keep your comrade warm I'm back in the USSR (hey) You don't know how lucky you are, boys Back in the USSR Oh, let me tell you, honey Hey, I'm back I'm back in the USSR​ Hey, it's so good to be home Yeah, back in the USSR","The Beatles","John Lennon / Paul McCartney","back in the ussr"
"Dear Prudence","Dear Prudence, won't you come out to play? Dear Prudence, greet the brand new day The Sun is up, the sky is blue It's beautiful and so are you Dear Prudence, won't you come out to play? Dear Prudence, open up your eyes Dear Prudence, see the sunny skies The wind is low, the birds will sing That you are part of everything Dear Prudence, won't you open up your eyes? Look around, round (round, round, round, round, round, round, round) Look around, round, round (round, round, round, round, round, round, round) Look around Dear Prudence, let me see you smile? Dear Prudence, like a little child The clouds will be a daisy chain So let me see you smile again Dear Prudence, won't you let me see you smile? Dear Prudence, won't you come out to play? Dear Prudence, greet the brand new day The Sun is up, the sky is blue It's beautiful and so are you Dear Prudence, won't you come out to play?","The Beatles","John Lennon / Paul McCartney","dear prudence"
"Glass Onion","I told you about Strawberry Fields You know, the place where nothing is real Well, here's another place you can go Where everything flows Looking through the bent backed tulips To see how the other half live Looking through a glass onion I told you about the walrus and me, man You know that we're as close as can be, man Well, here's another clue for you all The walrus was Paul Standing on the cast Iron shore, yeah Lady Madonna trying to make ends meet, yeah Looking through a glass onion Oh, yeah, oh, yeah, oh, yeah Looking through a glass onion I told you about the fool on the hill I tell you, man, he living there still Well, here's another place you can be Listen to me Fixing a hole in the ocean Trying to make a dove tail joint, yeah Looking through a glass onion","The Beatles","John Lennon / Paul McCartney","glass onion"
"Ob-La-Di, Ob-La-Da","Desmond has a barrow in the marketplace Molly is the singer in a band Desmond says to Molly: Girl, I like your face And Molly says this as she takes him by the hand Ob-la-di, ob-la-da, life goes on, brah La-la, how their life goes on Ob-la-di, ob-la-da, life goes on, brah La-la, how their life goes on Desmond takes a trolley to the jeweler's store Buys a twenty-carat golden ring (ring) Takes it back to Molly waiting at the door And as he gives it to her, she begins to sing (sing) Ob-la-di, ob-la-da, life goes on, brah La-la, how their life goes on Ob-la-di, ob-la-da, life goes on, brah La-la, how their life goes on, yeah In a couple of years, they have built a home sweet home With a couple of kids running in the yard Of Desmond and Molly Jones Happy ever after in the marketplace Desmond lets the children lend a hand (arm, leg) Molly stays at home and does her pretty face And in the evening, she still sings it with the band, yes Ob-la-di, ob-la-da, life goes on, brah La-la, how their life goes on (he-he-hey) Yeah, ob-la-di, ob-la-da, life goes on, brah La-la, how their life goes on In a couple of years, they have built a home sweet home With a couple of kids running in the yard Of Desmond and Molly Jones, yeah Happy ever after in the marketplace Molly lets the children lend a hand (foot) Desmond stays at home and does his pretty face And in the evening, she's a singer with the band, yeah Ob-la-di, ob-la-da, life goes on, brah La-la, how their life goes on Yeah, ob-la-di, ob-la-da, life goes on, brah La-la, how their life goes on And if you want some fun Take Ob-La-Di, Ob-La-Da Ah, thank you","The Beatles","John Lennon / Paul McCartney","obladi oblada"
"Wild Honey Pie","Honey pie Honey pie Honey pie Honey pie Honey pie Honey pie Honey pie Honey pie I love you","The Beatles","John Lennon / Paul McCartney","wild honey pie"
"The Continuing Story of Bungalow Bill","Hey, Bungalow Bill What did you kill Bungalow Bill? He went out tiger hunting with his elephant gun In case of accidents he always took his mom He's the all American bullet-headed saxon mother's son All the children sing Hey, Bungalow Bill What did you kill Bungalow Bill? Deep in the jungle where the mighty tiger lies Bill and his elephants were taken by surprise So Captain Marvel zapped him right between the eyes All the children sing Hey, Bungalow Bill What did you kill Bungalow Bill? The children asked him if to kill was not a sin Not when he looked so fierce, his mummy butted in If looks could kill it would have been us instead of him All the children sing Hey, Bungalow Bill What did you kill Bungalow Bill?","The Beatles","John Lennon / Paul McCartney","the continuing story of bungalow bill"
"While My Guitar Gently Weeps","I look at you all, see the love there that's sleeping While my guitar gently weeps I look at the floor and I see it needs sweeping Still my guitar gently weeps I don't know why nobody told you How to unfold your love I don't know how someone controlled you They bought and sold you I look at the world and I notice it's turning While my guitar gently weeps With every mistake, we must surely be learning Still my guitar gently weeps I don't know how you were diverted You were perverted too I don't know how you were inverted No one alerted you I look from the wings at the play you are staging While my guitar gently weeps As I'm sitting here doing nothing but aging Still my guitar gently weeps","The Beatles","George Harrison","while my guitar gently weeps"
"Happiness Is A Warm Gun","She's not a girl who misses much Do do do do do do Oh, yeah She's well acquainted with the touch Of the velvet hand Like a lizard on a window pane The man in the crowd With the multicoloured mirrors On his hobnail boots Lying with his eyes While his hands are busy Working overtime A soap impression of his wife Which he ate and donated To the National Trust I need a fix 'cause I'm going down Down to the bits that I left uptown I need a fix 'cause I'm going down Mother Superior jump the gun Mother Superior jump the gun Mother Superior jump the gun Mother Superior jump the gun Mother Superior jump the gun Mother Superior jump the gun Happiness is a warm gun (Happiness, bang, bang, shoot, shoot) Happiness is a warm gun, momma (Happiness, bang, bang, shoot, shoot) When I hold you in my arms (oh, yeah) And I feel my finger on your trigger (oh, yeah) I know nobody can do me no harm (oh, yeah) Because (Happiness, bang, bang, shoot, shoot) Is a warm gun, momma Happiness is a warm gun, yes it is (Happiness, bang, bang, shoot, shoot) Happiness is a warm, yes it is Gun (Happiness, bang, bang, shoot, shoot) Well don't you know that happiness Is a warm gun, momma? (Happiness is a warm gun, yeah)","The Beatles","John Lennon / Paul McCartney","happiness is a warm gun"
"Martha My Dear","Martha, my dear Though I spend my days in conversation, please Remember me Martha, my love Don't forget me Martha, my dear Hold your head up, you silly girl Look what you've done When you find yourself in the thick of it Help yourself to a bit of what is all around you, silly girl Take a good look around you Take a good look and you're bound to see That you and me were meant to be For each other Silly girl Hold your hand out, you silly girl See what you've done When you find yourself in the thick of it Help yourself to a bit of what is all around you, silly girl Martha, my dear, you have always been my inspiration, please Be good to me, Martha, my love Don't forget me, Martha, my dear","The Beatles","John Lennon / Paul McCartney","martha my dear"
"I'm So Tired","I'm so tired, I haven't slept a wink I'm so tired, my mind is on the blink I wonder should I get up and fix myself a drink No, no, no I'm so tired I don't know what to do I'm so tired, my mind is set on you I wonder should I call you, but I know what you'd do You'd say I'm putting you on But it's no joke, it's doing me harm You know I can't sleep, I can't stop my brain You know it's three weeks, I'm going insane You know I'd give you everything I've got For a little peace of mind I'm so tired, I'm feeling so upset Although I'm so tired I'll have another cigarette And curse Sir Walter Raleigh He was such a stupid git You'd say I'm putting you on But it's no joke, it's doing me harm You know I can't sleep, I can't stop my brain You know it's three weeks, I'm going insane You know I'd give you everything I've got For a little peace of mind I'd give you everything I've got For a little peace of mind I'd give you everything I've got For a little peace of mind","The Beatles","John Lennon / Paul McCartney","im so tired"
"Blackbird","Blackbird singing in the dead of night Take these broken wings and learn to fly All your life You were only waiting for this moment to arise Blackbird singing in the dead of night Take these sunken eyes and learn to see All your life You were only waiting for this moment to be free Blackbird, fly Blackbird, fly Into the light of the dark black night Blackbird, fly Blackbird, fly Into the light of the dark black night Blackbird singing in the dead of night Take these broken wings and learn to fly All your life You were only waiting for this moment to arise You were only waiting for this moment to arise You were only waiting for this moment to arise","The Beatles","John Lennon / Paul McCartney","blackbird"
"Piggies","Have you seen the little piggies Crawling in the dirt? And for all the little piggies Life is getting worse Always having dirt to Play around in Have you seen the bigger piggies In their starched white shirts? You will find the bigger piggies Stirring up the dirt Always have clean shirts to Play around in In their styes with all their backing They don't care What goes on around In their eyes there's something lacking What they need's a damn good whacking Everywhere there's lots of piggies Living piggy lives You can see them out for dinner With their piggy wives Clutching forks and knives to Eat their bacon","The Beatles","George Harrison","piggies"
"Rocky Raccoon","Now somewhere in the black mountain hills of Dakota There lived a young boy named Rocky Raccoon And one day his woman ran off with another guy Hit young Rocky in the eye, Rocky didn't like that He said: I'm gonna get that boy So one day he walked into town Booked himself a room in the local saloon Rocky Raccoon checked into his room Only to find Gideon's bible Rocky had come equipped with a gun To shoot off the legs of his rival His rival it seems had broken his dreams By stealing the girl of his fancy Her name was Magill and she called herself Lil But everyone knew her as Nancy Now she and her man who called himself Dan Were in the next room at the hoedown Rocky burst in and grinning a grin He said: Danny boy, this is a showdown But Daniel was hot, he drew first and shot And Rocky collapsed in the corner Now the doctor came in stinking of gin And proceeded to lie on the table He said Rocky you met your match And Rocky said: Doc it's only a scratch And I'll be better I'll be better doc as soon as I am able Now Rocky Raccoon he fell back in his room Only to find Gideon's bible Gideon checked out and he left it no doubt To help with good Rocky's revival","The Beatles","John Lennon / Paul McCartney","rocky raccoon"
"Don't Pass Me By","I listen for your footsteps Coming up the drive Listen for your footsteps But they don't arrive Waiting for your knock, dear On my old front door I don't hear it Does it mean you don't love me anymore? I hear the clock a'ticking On the mantel shelf See the hands a'moving But I'm by myself I wonder where you are tonight And why I'm by myself I don't see you Does it mean you don't love me anymore? Don't pass me by, don't make me cry, don't make me blue 'Cause you know darling, I love only you You'll never know it hurt me so How I hate to see you go Don't pass me by, don't make me cry I'm sorry that I doubted you I was so unfair You were in a car crash And you lost your hair You said that you would be late About an hour or two I said that's alright I'm waiting here Just waiting to hear from you Don't pass me by, don't make me cry, don't make me blue 'Cause you know darling, I love only you You'll never know it hurt me so How I hate to see you go Don't pass me by, don't make me cry Don't pass me by, don't make me cry, don't make me blue 'Cause you know darling, I love only you You'll never know it hurt me so How I hate to see you go Don't pass me by, don't make me cry","The Beatles","Richard Starkey","dont pass me by"
"Why Don't We Do It In The Road?","Why don't we do-do it in the road? Why don't we do it in the road? Why don't we do it in road? Why don't we do it in the road? No one will be watching us Why don't we do it in the road? Why don't we do it in the road? Why don't we do it in the road? Why don't we do it in the road? Why don't we do it in the road? No one will be watching us Why don't we do it in the road? Why don't we do it in the road? Why don't we do it in the road? Why don't we do-do it, do it in the road? Why don't we do it in the road? No one will be watching us Why don't we do it in the road?","The Beatles","John Lennon / Paul McCartney","why dont we do it in the road"
"I Will","Who knows how long I've loved you? You know I love you still Will I wait a lonely lifetime? If you want me to I will For if I ever saw you I didn't catch your name But it never really mattered I will always feel the same Love you forever and forever Love you with all my heart Love you whenever we're together Love you when we're apart And when at last I find you Your song will fill the air Sing it loud so I can hear you Make it easy to be near you For the things you do endear you to me You know I will I will","The Beatles","Paul McCartney","i will"
"Julia","Half of what I say is meaningless But I say it just to reach you Julia Julia, Julia, ocean child, calls me So I sing a song of love, Julia Julia, seashell eyes, windy smile, calls me So I sing a song of love, Julia Her hair of floating sky is shimmering, glimmering In the Sun Julia, Julia, morning Moon, touch me So I sing a song of love, Julia When I cannot sing my heart I can only speak my mind, Julia Julia, sleeping sand, silent cloud, touch me So I sing a song of love, Julia Hum, hum, hum, calls me So I sing a song of love for Julia, Julia, Julia","The Beatles","John Lennon / Paul McCartney","julia"
"Birthday","You say it's your birthday It's my birthday too, yeah They say it's your birthday We're gonna have a good time I'm glad it's your birthday Happy birthday to you Yes We're going to a party, party Yes We're going to a party, party Yes We're going to a party, party I would like you to dance (Birthday) Take cha cha cha chance (Birthday) I would like you to dance (Birthday) Oh, yeah Yes We're going to a party, party Yes We're going to a party, party Yes We're going to a party, party They say it's your birthday It's my birthday too, yeah They say it's your birthday We're gonna have a good time I'm glad it's your birthday Happy birthday to you","The Beatles","John Lennon / Paul McCartney","birthday"
"Yer Blues","(Two, three) Yes, I'm lonely Want to die Yes, I'm lonely Want to die If I ain't dead already, woo Girl, you know the reason why In the morning Want to die In the evening Want to die If I ain't dead already, woo Girl, you know the reason why My mother was of the sky My father was of the Earth But I am of the universe And you know what it's worth I'm lonely Want to die If I ain't dead already, woo Girl, you know the reason why The eagle picks my eye The worm, he licks my bones I feel so suicidal Just like Dylan's Mr. Jones Lonely Want to die If I ain't dead already, woo Girl, you know the reason why Black cloud crossed my mind Blue mist round my soul Feel so suicidal Even hate my rock and roll Want to die Yeah, want to die If I ain't dead already, woo Girl, you know the reason why","The Beatles","John Lennon / Paul McCartney","yer blues"
"Mother Nature's Son","Born a poor young country boy Mother Nature's son All day long, I'm sitting, singing songs For everyone Sit beside a mountain stream See her waters rise Listen to the pretty sound of music As she flies Do-do-do-do-do-do Do-do-do-do Do-do-do-do Do-do-do-do, do-do Find me in my field of grass Mother Nature's son Swaying daisies, sing a lazy song Beneath the Sun Do-do-do-do-do-do Do-do-do-do-do Do-do-do-do Do-do-do-do-do Mm, do-do-do-do-do Yeah-yeah-yeah Mm-mm-mm-mm-mm-mm Ooh-ooh-ooh-ooh-ooh-ooh Mm-mm-mm-mm-mm Mm-mm-mm-mm-mm, lullaby Ooh-ah, Mother Nature's son","The Beatles","John Lennon / Paul McCartney","mother natures son"
"Everybody's Got Something To Hide Except Me And My Monkey","Come on, come on Come on, come on Come on, it's such a joy Come on, it's such a joy Come on, let's take it easy Come on, let's take it easy Take it easy Take it easy Everybody's got something to hide Except for me and my monkey The deeper you go The higher you fly The higher you fly The deeper you go So come on, come on Come on, it's such a joy Come on, it's such a joy Come on, let's make it easy Come on, let's make it easy Take it easy Take it easy Everybody's got something to hide Except for me and my monkey Your inside is out When your outside is in Your outside is in When your inside is out So come on, come on Come on, it's such a joy Come on, it's such a joy Come on, let's make it easy Come on, let's make it easy Take it easy Take it easy Everybody's got something to hide Except for me and my monkey (Come on, come on, come on)","The Beatles","Sabe de quem é a composição? Envie pra gente.","everybodys got something to hide except me and my monkey"
"Sexy Sadie","Sexy Sadie, what have you done? You made a fool of everyone You made a fool of everyone Sexy Sadie, oh, what have you done? Sexy Sadie, you broke the rules You layed it down for all to see You layed it down for all to see Sexy Sadie, oh, you broke the rules One sunny day the world was waiting for a lover She came along to turn on everyone Sexy Sadie, the greatest of them all Sexy Sadie, how did you know? The world was waiting just for you The world was waiting just for you Sexy Sadie, oh, how did you know? Sexy Sadie, you'll get yours yet However big you think you are However big you think you are Sexy Sadie, oh, you'll get yours yet We gave her everything we owned just to sit at her table Just a smile would lighten everything Sexy Sadie, she's the latest and the greatest of them all She made a fool of everyone Sexy Sadie However big you think you are Sexy Sadie","The Beatles","John Lennon / Paul McCartney","sexy sadie"
"Helter Skelter","When I get to the bottom, I go back to the top of the slide Where I stop, and I turn, and I go for a ride Till I get to the bottom and I see you again Yeah, yeah, yeah But do you, don't you want me to love you? I'm coming down fast, but I'm miles above you Tell me, tell me, tell me, come on tell me the answer Well, you may be a lover, but you ain't no dancer Helter-skelter, helter-skelter Helter-skelter Will you, won't you want me to make you? I'm coming down fast, but don't let me break you Tell me, tell me, tell me the answer You may be a lover, but you ain't no dancer Look out! (Da, da, da) Helter-skelter, helter-skelter Helter-skelter, ooh Look out! 'Cause here she comes (ah, ah) When I get to the bottom, I go back to the top of the slide And I stop, and I turn, and I go for a ride And I get to the bottom and I see you again (Yeah) Yeah, yeah, yeah, yeah (yeah) But do you, don't you want me to make you? (Ah) I'm coming down fast, but don't let me break you (Ah) Tell me, tell me, tell me your answer You may be a lover, but you ain't no dancer (da, da, da, da) Look out! (Da, da, daa) Helter-skelter, helter-skelter Helter-skelter Well look out! Helter-skelter She's coming down fast Yes, she is Yes, she is Coming down fast Oh, yeah, helter-skelter Whoo! I got blisters on my fingers!","The Beatles","John Lennon / Paul McCartney","helter skelter"
"Long, Long, Long","It's been a long, long, long time How could I ever have lost you When I loved you? It took a long, long, long time Now I'm so happy I found you How I love you So many tears I was searching So many tears I was wasting Now I can see you, be you How can I ever misplace you? How I want you Oh, I love you You know that I need you Oh, I love you","The Beatles","George Harrison","long long long"
"Revolution","You say you want a revolution Well, you know We all want to change the world You tell me that it's evolution Well, you know We all want to change the world But when you talk about destruction Don't you know that you can count me out Don't you know it's gonna be All right All right All right You say you got a real solution Well, you know We'd all love to see the plan You ask me for a contribution Well you know We're all doing what we can But if you want money for people with minds that hate All I can tell you is brother you have to wait Don't you know it's gonna be All right All right All right You say you'll change the constitution Well, you know We'd all love to change your head You tell me it's the institution Well, you know You'd better free your mind instead But if you go carrying pictures of Chairman Mao You ain't going to make it with anyone anyhow Don't you know it's gonna be All right All right All right All right","The Beatles","John Lennon / Paul McCartney","revolution"
"Honey Pie","She was a working girl North of England way Now she's hit the big time in the USA And if she could only hear me This is what I'd say Honey pie, you are making me crazy I'm in love, but I'm lazy So won't you please come home? Oh, honey pie, my position is tragic Come and show me the magic Of your Hollywood song You became a legend of the silver screen And now the thought of meeting you Makes me weak in the knee Oh, honey pie, you are driving me frantic Sail across the Atlantic To be where you belong Honey pie, come back to me I like it like that, oh, ah I like this kind of hot kind of music Hot kind of music Play it to me, play it to me Hollywood blues Will the wind that blew her boat across the sea Kindly send her sailing back to me? Tee, tee, tee Honey pie, you are making me crazy I'm in love, but I'm lazy So won't you please come home? Come, come back to me, honey pie Oh, oh Oh, oh, oh, oh, oh, oh, oh Honey pie, honey pie","The Beatles","John Lennon / Paul McCartney","honey pie"
"Savoy Truffle","Cream tangerine and Montelimar A ginger sling with a pineapple heart A Coffee dessert, yes, you know it's good news But you'll have to have them all pulled out After the savoy truffle Cool cherry cream and nice apple tart I feel your taste all the time we're apart Coconut fudge really blows down those blues But you'll have to have them all pulled out After the savoy truffle You might not feel it now But when the pain cuts through, you're going to know and how The sweat is going to fill your head When it becomes too much, you're going to shout aloud But you'll have to have them all pulled out After the savoy truffle You know that what you eat you are But what is sweet now, turns so sour We all know Obla-Di-Bla-Da But can you show me, where you are? Cream tangerine and Montelimat A ginger sling with a pineapple heart A Coffee dessert, yes, you know it's good news But you'll have to have them all pulled out After the savoy truffle Yes, you'll have to have them all pulled out after the savoy truffle","The Beatles","George Harrison","savoy truffle"
"Cry Baby Cry","Cry baby cry Make your mother sigh She's old enough to know better The king of Marigold was in the kitchen Cooking breakfast for the queen The queen was in the parlour Playing piano for the children of the king Cry baby cry Make your mother sigh She's old enough to know better So cry baby cry The king was in the garden Picking flowers for a friend who came to play The queen was in the playroom Painting pictures for the childrens holiday Cry baby cry Make your mother sigh She's old enough to know better So cry baby cry The duchess of Kircaldy always smiling And arriving late for tea The duke was having problems With a message at the local bird and bee Cry baby cry Make your mother sigh She's old enough to know better So cry baby cry At twelve o'clock a meeting round the table For a seance in the dark With voices out of nowhere Put on specially by the children for a lark Cry baby cry Make your mother sigh She's old enough to know better So cry baby cry cry cry cry baby Make your mother sigh She's old enough to know better Cry baby cry Cry cry cry Make your mother sigh She's old enough to know better So cry baby cry Can you take me back where I came from? Can you take me back? Can you take me back where I came from? Brother can you take me back? Can you take me back? Oooh, can you take me where I came from? Can you take me back?","The Beatles","John Lennon / Paul McCartney","cry baby cry"
"Revolution #9","Number 9 Number 9 Number 9 Number 9 Number 9 Number 9 Number 9 Number 9 Number 9 Number 9 Number 9 Number 9 Number 9 Number 9 Number... ...then there's this Welsh rarebit wearing some brown underpants... ...about the shortage of grain in Hertfordshire. Every one of them knew that as time went by they'd get a little bit older and little bit slower but.. It's all the same thing, in this case manufactured by someone who's always… Umpteen times your father's giving it diddly-i-dee District was leaving.... Intended to die hateful Ottoman... Long gone through... I've got to say, irritably and... Floors, hard enough to put on Per day's MD in our district There was not really enough light to get down and ultimately slumped down Suddenly... They may stop the funding... Place your bets. The original Afraid she'll die Great colors for the season.... Number 9 Number 9 Who's to know? Who was to know? Number 9 Number 9 Number 9 Number 9 Number 9 Number 9 Number 9 Number 9 Number 9 Number 9 Number 9 Number 9 I sustained nothing worse than Also for example Whatever you're doing.. A business deal falls through... I informed him on the third night When fortune gives.... People right, people right, right, right, right Number 9, Number 9, Number 9, Number 9 Right! Right! Number 9 Number 9 Number 9 Number 9 I've missed all that It makes me a few days late compared with, wow! And weird stuff like that... Taking our sides sometimes Floral bark Rogue doctors have bought this specimen I have nobody's short cuts, aha... Number 9 Number.... With the situation They are standing still The plan, the telegram Ooh ooh Number 9, number A man without terrors from beard to false As the headmaster reported to my son He really can try, as they do To find function... Tell what he was saying, and his voice was low And his hive high, and his eyes were low Alright! It was on fire And his glasses were the same This thing knows if it was tinted But you know it isn't. To me it is.. Number 9 Number 9 Number 9 Number 9 Number 9 Number 9 Number 9 Number 9 Number 9 Number 9 Number 9 So the wife called me And we'd better go see a surgeon Or whatever to price it... Yellow underclothes So, any road We went to see the dentist instead Who gave her a pair of teeth which wasn't any good at all. So I said I'd marry, join the fucking Navy and went to sea In my broken chair My wings are broken and so is my hair I am not in the mood for whirling How? Dogs for dogging, hands for clapping Birds for birding and fish for fishing Them for themming and when for whimming ....only to find the night-watchmen unaware of his presence in the building. Number 9 Number 9 Number 9 Number 9 Number 9 Number 9 Industry allows financial imbalance Thrusting it between his schoulder blades The Watusi The Twist Eldorado Take this brother may it serve you well. Maybe it's nothing What? What? Oh... Maybe even then, impervious in London The girl… Could be a difficult thing... It's quick like rush for peace is Because it's so much like being naked It's alright It's alright It's alright It's alright It's alright It's alright It's alright It's alright It's alright If, you become naked Block that kick!","The Beatles","John Lennon / Paul McCartney","revolution 9"
"Good Night","Now it's time to say good night Good night, sleep tight Now the Sun turns out his light Good night, sleep tight Dreams, sweet dreams for me (dreams, sweet) Dreams, sweet dreams for you (dreams, sweet dreams) Close your eyes and I'll close mine Good night, sleep tight Now the Moon begins to shine Good night, sleep tight Dreams, sweet dreams for me (dreams, sweet) Dreams, sweet dreams for you (dreams, sweet dreams) Close your eyes and I'll close mine Good night, sleep tight Now the Sun turns out his light Good night, sleep tight Dreams, sweet dreams for me (dreams, sweet) Dreams, sweet dreams for you (dreams, sweet dreams) Good night Good night, everybody Everybody, everywhere Good night","The Beatles","John Lennon / Paul McCartney","good night"
"Hey Bulldog","Sheepdog Standing in the rain Bullfrog Doing it again Some kind of happiness is measured out in miles What makes you think you're something special when you smile? Childlike No one understands Jack Knife In his sweaty hands Some kind of innocence is measured out in years You don't know what it's like to listen to your fears You can talk to me You can talk to me You can talk to me If you're lonely you can talk to me Big man walking in the park Wigwam frightened of the dark Some kind of solitude is measured out in you You think you know me, but you haven't got a clue You can talk to me You can talk to me You can talk to me If you're lonely you can talk to me Wahoo woof! Woof! Hey bulldog! Hey bulldog! Hey bulldog! Hey bulldog! Hey man, what's that boy? Woof! What do you say? I said: Woof! You know anymore? Wooaah ha-ha-ha! You've got it, that's it, you had it! That's it, man, woo! That's it! You've got it! Don't look at me man, I only have ten children Ah ho! Ha ha ha ha ha ha! Quiet boy, quiet! Okay, quiet! Hey bulldog! Hey bulldog!","Yellow Submarine","John Lennon / Paul McCartney","hey bulldog"
"All Together Now","One, two, three, four Can I have a little more? Five, six, seven, eight, nine, ten I love you A, B, C, D Can I bring my friend to tea? E, F, G, H, I, J I love you Bom, bom, bom, bom-pa-bom, sail the ship Bom-pa-bom, chop the tree Bom-pa-bom, skip the rope Bom-pa-bom, look at me (All together now) all together now (All together now) all together now (All together now) all together now (All together now) all together now Black, white, green, red Can I take my friend to bed? Pink, brown, yellow, orange and blue I love you (All together now) all together now (All together now) all together now (All together now) all together now All together now (All together now) all together now (All together now) all together now (All together now) all together now (All together now) all together now Bom, bom, bom, bom-pa-bom, sail the ship Bom-pa-bom, chop the tree Bom-pa-bom, skip the rope Bom-pa-bom, look at me (All together now) all together now (All together now) all together now (All together now) all together now (All together now) all together now (All together now) all together now (All together now) all together now (All together now) all together now (All together now) all together now (All together now) all together now (All together now) all together now (All together now) all together now (All together now) all together now","Yellow Submarine","John Lennon / Paul McCartney","all together now"
"Only a Northern Song","If you're listening to this song You may think the chords are going wrong But they're not We just wrote it like that When you're listening late at night You may think the bands are not quite right But they are They just play it like that It doesn't really matter what chords I play What words I say Or time of day it is As it's only a northern song It doesn't really matter what clothes I wear Or how I pur Or if my hair is brown When it's only a northern song If you think the harmony Is a little dark and out of key You're correct There's nobody there And it told you there's no one there","Yellow Submarine","George Harrison","only a northern song"
"It's All Too Much","It's all too much It's all too much When I look into your eyes Your love is there for me And the more I go inside The more there is to see It's all too much for me to take The love that's shining all around you Everywhere, it's what you make For us to take it's all too much Floating down the stream of time Of life to life with me Makes no difference where you are Or where you'd like to be It's all too much for me to take The love that's shining all around here All the world is birthday cake So take a piece but not too much Sail me on a silver Sun For I know that I'm free Show me that I'm everywhere And get me home for tea It's all too much for me to see The love that's shining all around here The more I learn, the less I know And what I do is all too much It's all too much for me to take The love that's shining all around you Everywhere, it's what you make For us to take it's all too much It's too much Ahhhhhhhhhhh! It's too much With your long blonde hair and your eyes are blue With your long blonde hair and your eyes are blue You're too much, ah We are dead, ah! Too much Too much Too much Too much","Yellow Submarine","George Harrison","its all too much"
"Come Together","Shoot me, shoot me Shoot me, shoot me Here come old flat-top He come grooving up slowly He got joo-joo eyeballs He one holy roller He got hair down to his knee Got to be a joker, he just do what he please Shoot me, shoot me Shoot me, shoot me He wear no shoeshine He got toe-jam football He got monkey finger He shoot Coca-Cola He say: I know you, you know me One thing I can tell you is you got to be free Come together, right now Over me Shoot me, shoot me Shoot me He bag production He got walrus gumboot He got Ono sideboard He one spinal cracker He got feet down below his knee Hold you in his armchair, you can feel his disease Come together, right now Over me Shoot me, right! Come, come Come, come Come He roller coaster He got early warning He got muddy water He one mojo filter He say: One and one and one is three Got to be good looking, 'cause he's so hard to see Come together, right now Over me Shoot me, shoot me Shoot me, oh Come together, yeah Come together, yeah Come together, yeah Come together, yeah Come together, yeah Come together, yeah Come together, yeah Come together, yeah Come together, yeah","Abbey Road","John Lennon / Paul McCartney","come together"
"Something","Something in the way she moves Attracts me like no other lover Something in the way she woos me I don't want to leave her now You know I believe and how Somewhere in her smile, she knows That I don't need no other lover Something in her style that shows me I don't want to leave her now You know I believe and how You're asking me will my love grow I don't know, I don't know You stick around now it may show I don't know, I don't know Something in the way she knows And all I have to do is think of her Something in the things she shows me I don't want to leave her now You know I believe and how","Abbey Road","George Harrison","something"
"Maxwell's Silver Hammer","Joan was quizzical, studied pataphysical Science in the home Late nights all alone with a test tube Oh, oh, oh, oh Maxwell Edison, majoring in medicine Calls her on the phone Can I take you out to the pictures Joa, oa, oa, oan? But as she's getting ready to go A knock comes on the door Bang! Bang! Maxwell's silver hammer Came down upon her head Clang! Clang! Maxwell's silver hammer Made sure that she was dead Back in school again, Maxwell plays the fool again Teacher gets annoyed Wishing to avoid an unpleasant Sce, e, e, ene She tells Max to stay when the class has gone away So he waits behind Writing fifty times: I must not be So-o-o But when she turns her back on the boy He creeps up from behind Bang! Bang! Maxwell's silver hammer Came down upon her head (do, do, do, do) Clang! Clang! Maxwell's silver hammer Made sure that she was dead P.C. thirty-one said: We caught a dirty one Maxwell stands alone Painting testimonial pictures Oh, oh, oh, oh Rose and Valerie, screaming from the gallery Say he must go free (Maxwell must go free) The judge does not agree and he tells them So, o, o, o But as the words are leaving his lips A noise comes from behind Bang! Bang! Maxwell's silver hammer Came down upon his head Clang! Clang! Maxwell's silver hammer Made sure that he was dead Whoa, oh, oh, oh Silver hammer man","Abbey Road","John Lennon / Paul McCartney","maxwells silver hammer"
"Oh! Darling","Oh, darling Please, believe me I'll never do you no harm Believe me when I tell you I'll never do you no harm Oh, darling If you leave me I'll never make it alone Believe me when I beg you Don't ever leave me alone When you told me You didn't need me anymore Well, you know I nearly broke down and cried When you told me You didn't need me anymore Well, you know I nearly broke down and died Oh, darling If you leave me I'll never make it alone Believe me when I tell you I'll never do you no harm Believe me, darling When you told me You didn't need me anymore Well, you know I nearly broke down and cried When you told me You didn't need me anymore Well, you know I nearly broke down and died Oh, darling Please, believe me I'll never let you down Oh, believe me, darling Believe me when I tell you I'll never do you no harm","Abbey Road","John Lennon / Paul McCartney","oh darling"
"Octopus's Garden","I'd like to be under the sea In an octopus's garden in the shade He'd let us in, knows where we've been In his octopus's garden in the shade I'd ask my friends to come and see An octopus's garden with me I'd like to be under the sea In an octopus's garden in the shade We would be warm below the storm In our little hideaway beneath the waves Resting our head on the sea bed In an octopus's garden near a cave We would sing and dance around Because we know we can't be found I'd like to be under the sea In an octopus's garden in the shade We would shout and swim about The coral, that lies beneath the waves (Lies beneath the ocean waves) Oh, what joy for every girl and boy Knowing they're happy and they're safe (Happy and they're safe) We would be so happy, you and me No one there to tell us what to do I'd like to be under the sea In an octopus's garden with you In an octopus's garden with you In an octopus's garden with you","Abbey Road","Richard Starkey","octopuss garden"
"I Want You (She's So Heavy)","I want you, I want you so bad I want you, I want you so bad It's driving me mad, it's driving me mad I want you, I want you so bad, babe I want you, I want you so bad It's driving me mad, it's driving me I want you, I want you so bad, babe I want you, I want you so bad It's driving me mad, it's driving me bad I want you, I want you so bad I want you, I want you so bad It's driving me mad, it's driving me She's so heavy Heavy (heavy, heavy) She's so heavy She's so heavy (heavy, heavy) I want you, I want you so bad I want you, I want you so bad It's driving me mad, it's driving me mad I want you, you know I want you so bad, babe I want you, you know I want you so bad It's driving me mad, it's driving me mad Yeah! She's so","Abbey Road","John Lennon / Paul McCartney","i want you shes so heavy"
"Here Comes The Sun","Here comes the Sun (doo, doo, doo) Here comes the Sun And I say It's all right Little darling It's been a long cold lonely winter Little darling It feels like years since it's been here Here comes the Sun (doo, doo, doo) Here comes the Sun And I say It's all right Little darling The smiles returning to the faces Little darling It seems like years since it's been here Here comes the Sun Here comes the Sun And I say It's all right Sun, Sun, Sun, here it comes Sun, Sun, Sun, here it comes Sun, Sun, Sun, here it comes Sun, Sun, Sun, here it comes Sun, Sun, Sun, here it comes Little darling I feel that ice is slowly melting Little darling It seems like years since it's been clear Here comes the Sun (doo, doo, doo) Here comes the Sun And I say It's all right Here comes the Sun (doo, doo, doo) Here comes the Sun It's all right It's all right","Abbey Road","George Harrison","here comes the sun"
"Because","Aah! Because the world is round it turns me on Because the world is round, aah Because the wind is high it blows my mind Because the wind is high, aah Love is old, love is new Love is all, love is you Because the sky is blue, it makes me cry Because the sky is blue, aah Aah!","Abbey Road","John Lennon / Paul McCartney","because"
"You Never Give Me Your Money","You never give me your money You only give me your funny paper And in the middle of negotiations You break down I never give you my number I only give you my situation And in the middle of investigation I break down Out of college, money spent See no future, pay no rent All the money's gone, nowhere to go Any jobber got the sack Monday morning, turning back Yellow lorry slow, nowhere to go But oh, that magic feeling, nowhere to go Oh, that magic feeling Nowhere to go One sweet dream Pick up the bags and get in the limousine Soon we'll be away from here Step on the gas and wipe that tear away One sweet dream came true today Came true today Came true today (yes, it did) One two three four five six seven All good children go to heaven","Abbey Road","John Lennon / Paul McCartney","you never give me your money"
"Sun King","Here comes the Sun king Here comes the Sun king Everybody's laughing Everybody's happy Here comes the Sun king Quando paramucho mi amore de felice corazón Mundo paparazzi mi amore chicka ferdy parasol Questo obrigado tantamucho que canite carousel","Abbey Road","John Lennon / Paul McCartney","sun king"
"Mean Mr. Mustard","Mean Mr. Mustard sleeps in the park Shaves in the dark Trying to save paper Sleeps in a hole in the road Saving up to buy some clothes Keeps a ten-bob note up his nose Such a mean old man Such a mean old man His sister Pam works in a shop She never stops She's a go-getter Takes him out to look at the queen Only place that he's ever been Always shouts out something obscene Such a dirty old man Dirty old man","Abbey Road","Sabe de quem é a composição? Envie pra gente.","mean mr mustard"
"Polythene Pam","Well, you should see Polythene Pam She's so good-looking, but she looks like a man Well, you should see her in drag, dressed in her polythene bag Yes, you should see Polythene Pam Yeah, yeah, yeah Get a dose of her in jackboots and kilt She's killer-diller when she's dressed to the hilt She's the kind of a girl that makes The News Of The World Yes, you could say she was attractively built Yeah, yeah, yeah Hey, great","Abbey Road","John Lennon / Paul McCartney","polythene pam"
"She Came In Through The Bathroom Window","Oh, listen to that now, eheheh Oh look out! It's! She came in through the bathroom window Protected by a silver spoon But now she sucks her thumb and wanders By the banks of her own lagoon Didn't anybody tell her? Didn't anybody see? Sunday's on the phone to Monday Tuesday's on the phone to me She said she'd always been a dancer She worked at fifteen clubs a day And though she thought I knew the answer Well, I knew what I could not say And so I quit the police department And got myself a steady job And though she tried her best to help me She could steal but she could not rob Didn't anybody tell her? Didn't anybody see? Sunday's on the phone to Monday Tuesday's on the phone to me Oh, yeah","Abbey Road","John Lennon / Paul McCartney","she came in through the bathroom window"
"Golden Slumbers","Once there was a way To get back homeward Once there was a way To get back home Sleep, pretty darling, do not cry And I will sing a lullaby Golden slumbers fill your eyes Smiles awake you when you rise Sleep, pretty darling, do not cry And I will sing a lullaby Once there was a way To get back homeward Once there was a way To get back home Sleep, pretty darling, do not cry And I will sing a lullaby","Abbey Road","John Lennon / Paul McCartney","golden slumbers"
"Carry That Weight","Boy, you're gonna carry that weight Carry that weight for a long time Boy, you're gonna carry that weight Carry that weight for a long time I never give you my pillow I only send you my invitation And in the middle of the celebrations I break down Boy, you're gonna carry that weight Carry that weight for a long time Boy, you're gonna carry that weight Carry that weight for a long time","Abbey Road","John Lennon / Paul McCartney","carry that weight"
"The End","Oh, yeah Alright Are you gonna be in my dreams Tonight Love you, love you, love you, love you Love you, love you, love you, love you Love you, love you, love you, love you Love you, love you, love you, love you Love you, love you, love you, love you Love you, love you, love you, love you And in the end The love you take Is equal to The love you make","Abbey Road","John Lennon / Paul McCartney","the end"
"Her Majesty","Her majesty is a pretty nice girl But she doesn't have a lot to say Her majesty is a pretty nice girl But she changes from day to day I wanna tell her that I love her a lot But I gotta get a belly full of wine Her majesty is a pretty nice girl Someday I'm gonna make her mine Oh yeah, someday I'm gonna make her mine","Abbey Road","John Lennon / Paul McCartney","her majesty"
"Two Of Us","Two of us riding nowhere Spending someone's Hard earned pay You and me Sunday driving Not arriving On our way back home We're on our way home We're on our way home We're going home Two of us sending postcards Writing letters On my wall You and me burning matches Lifting latches On our way back home We're on our way home We're on our way home We're going home You and I have memories Longer than The road that stretches out ahead Two of us wearing raincoats Standing so low In the Sun You and me chasing paper Getting nowhere On our way back home We're on our way home We're on our way home We're going home You and I have memories Longer than the road that Stretches out ahead Two of us wearing raincoats Standing so low In the Sun You and me chasing paper Getting nowhere On our way back home We're on our way home We're on our way home We're going home We're going home Better believe it Goodbye","Let It Be","John Lennon / Paul McCartney","two of us"
"Dig a Pony","I dig a pony Well, you can celebrate anything you want Yes, you can celebrate anything you want Ooh I do a road hog Well, you can penetrate any place you go Yes, you can penetrate any place you go I told you so, all I want is you Everything has got to be just like you want it to Because I pick a Moon dog Well, you can radiate everything you are Yes, you can radiate everything you are Ooh I roll a stoney Well, you can imitate everyone you know Yes, you can imitate everyone you know I told you so, all I want is you Everything has got to be just like you want it to Because I feel the wind blow Well, you can indicate everything you see Yes, you can indicate everything you see Ooh I load a lorry Well, you can syndicate any boat you row Yes, you can syndicate any boat you row I told you so, all I want is you Everything has got to be just like you want it to Because","Let It Be","John Lennon / Paul McCartney","dig a pony"
"Across The Universe","Words are flowing out like endless rain into a paper cup They slither wildly as they slip away across the universe Pools of sorrow, waves of joy are drifting through my opened mind Possessing and caressing me Jai Guru Deva, Om Nothing's gonna change my world Nothing's gonna change my world Nothing's gonna change my world Nothing's gonna change my world Images of broken light which dance before me like a million eyes They call me on and on across the universe Thoughts meander like a restless wind inside a letter box They tumble blindly as they make their way across the universe Jai Guru Deva, Om Nothing's gonna change my world Nothing's gonna change my world Nothing's gonna change my world Nothing's gonna change my world Sounds of laughter, shades of life are ringing through my open ears Inciting and inviting me Limitless undying love which shines around me like a million suns It calls me on and on across the universe Jai Guru Deva, Om Nothing's gonna change my world Nothing's gonna change my world Nothing's gonna change my world Nothing's gonna change my world Jai Guru Deva Jai Guru Deva Jai Guru Deva Jai Guru Deva Jai Guru Deva Jai Guru Deva","Let It Be","John Lennon / Paul McCartney","across the universe"
"I Me Mine","All thru' the day: I me mine I me mine, I me mine All thru' the night: I me mine, I me mine, I me mine Now they're frightened of leaving it Ev'ryone's weaving it Coming on strong all the time All thru' the day: I me mine I-I me-me mine, I-I me-me mine I-I me-me mine, I-I me-me mine All I can hear: I me mine, I me mine, I me mine Even those tears: I me mine, I me mine, I me mine No-one's frightened of playing it, ev'ryone's saying it Flowing more freely than wine All thru' the day: I me mine I-I me-me mine, I-I me-me mine I-I me-me mine, I-I me-me mine All I can hear: I me mine, I me mine, I me mine Even those tears: I me mine, I me mine, I me mine No-one's frightened of playing it, ev'ryone's saying it Flowing more freely than wine All thru' your life: I me mine","Let It Be","George Harrison","i me mine"
"Dig It","Like a rolling stone Like a rolling stone I like a rolling stone Like the FBI and the CIA And the BBC? BB king And Doris Day Matt Busby Dig it, dig it, dig it Dig it, dig it, dig it That was 'Can You Dig It? By Georgie Wood And now we'd like to do 'Hark, the Angels Come'","Let It Be","George Harrison / John Lennon / Paul McCartney / Ringo Starr","dig it"
"Let It Be","When I find myself in times of trouble Mother Mary comes to me Speaking words of wisdom Let it be And in my hour of darkness She is standing right in front of me Speaking words of wisdom Let it be Let it be, let it be Let it be, let it be Whisper words of wisdom Let it be And when the brokenhearted people Living in the world agree There will be an answer Let it be For though they may be parted There is still a chance that they will see There will be an answer Let it be Let it be, let it be Let it be, let it be Yeah, there will be an answer Let it be Let it be, let it be Let it be, let it be Whisper words of wisdom Let it be Let it be, let it be Let it be, yeah, let it be Whisper words of wisdom Let it be And when the night is cloudy There is still a light that shines on me Shine on till tomorrow Let it be I wake up to the sound of music Mother Mary comes to me Speaking words of wisdom Let it be Let it be, let it be Let it be, yeah, let it be Oh, there will be an answer Let it be Let it be, let it be Let it be, yeah, let it be Oh, there will be an answer Let it be Let it be, let it be Let it be, yeah, let it be Whisper words of wisdom Let it be","Let It Be","John Lennon / Paul McCartney","let it be"
"Maggie Mae","Oh, dirty Maggie Mae They have taken her away And she'll never walk down Lime Street anymore Oh, the judge, he guilty found her For robbin' the homeward bounder That dirty, no good, robbin' Maggie Mae 'Tis the port of Liverpool They returned me to Two pounds ten a week That was my pay","Let It Be","George Harrison / Ringo Starr","maggie mae"
"I've Got a Feeling","I've got a feeling, a feeling deep inside Oh, yeah, oh, yeah (that's right) I've got a feeling, a feeling I can't hide Oh, no! Oh, no! Oh, no Yeah. Yeah! I've got a feeling, yeah! Oh, please, believe me, I'd hate to miss the train Oh, yeah, yeah, oh, yeah And if you leave me I won't be late again Oh, no, oh, no, oh, no Yeah, yeah, I've got a feeling, yeah I got a feeling All these years, I've been wandering around Wondering how come nobody told me All that I was looking for was somebody Who looked like you I've got a feeling that keeps me on my toes Oh, yeah, oh, yeah I've got a feeling, I think that everybody knows Oh, yeah, oh, yeah, oh, yeah Yeah. Yeah! I've got a feeling, yeah! Everybody had a hard year Everybody had a good time Everybody had a wet dream Everybody saw the sunshine Oh, yeah, oh, yeah, oh, yeah Everybody had a good year Everybody let their hair down Everybody pulled their socks up (yeah) Everybody put their foot down Oh, yeah! Yeah! Wohoo! (Oh, my soul, it's so hard)","Let It Be","John Lennon / Paul McCartney","ive got a feeling"
"One After 909","My baby says she's traveling on the one after 909 I said move over honey I'm travelling on that line I said move over once, move over twice Come on baby don't be cold as ice I said I'm traveling on the one after 909 I begged her not to go and I begged her on my bended knee You're only fooling around, you're fooling around with me I said move over once, move over twice Come on baby don't be cold as ice I said I'm traveling on the one after 909 They've got my bag, run to the station Railman says: You've got the wrong location They've got my bag, run right home Then I find I've got the number wrong Well I said I'm traveling on the one after 909 I said move over honey I'm travelling on that line I said move over once, move over twice Come on baby don't be cold as ice I said I'm traveling on the one after 909 They've got my bag, run to the station Railman says: You've got the wrong location They've got my bag, run right home Then I find I've got the number wrong Well I said I'm traveling on the one after 909 I said move over honey I'm travelling on that line I said move over once, move over twice Come on baby don't be cold as ice I said we're traveling on the one after 90 I said we're traveling on the one after 90 I said we're traveling on the one after 909 (Oh Danny Boy, the old summer is calling)","Let It Be","John Lennon / Paul McCartney","one after 909"
"The Long And Winding Road","The long and winding road That leads to your door Will never disappear I've seen that road before It always leads me here Lead me to your door The wild and windy night That the rain washed away Has left a pool of tears Crying for the day Why leave me standing here? Let me know the way Many times, I've been alone And many times, I've cried Anyway, you've never known The many ways I've tried But still, they lead me back To the long, winding road You left me standing here A long, long time ago Don't leave me waiting here Lead me to your door But still, they lead me back To the long, winding road You left me standing here A long, long time ago Don't leave me waiting here Lead me to your door","Let It Be","John Lennon / Paul McCartney","the long and winding road"
"For You Blue","Because you're sweet and lovely girl I love you Because you're sweet and lovely girl it's true I love you more than ever girl I do I want you in the morning girl I love you I want you at the moment I feel blue I'm living for every moment girl for you I've loved you from the moment I saw you You looked at me that's all you had to do I feel it now I hope you feel it too Because you're sweet and lovely girl I love you Because you're sweet and lovely girl it's true I love you more than ever girl I do I really love you","Let It Be","George Harrison","for you blue"
"Get Back","Jo Jo was a man who thought he was a loner But he knew it couldn't last Jo Jo left his home in Tucson Arizona For some California grass Get back, get back Get back to where you once belonged Get back, get back Get back to where you once belonged Get back, Jo Jo! Go home Get back, get back Get back to where you once belonged Get back, get back Get back to where you once belonged Get back, Jo Sweet Loretta Martin thought she was a woman But she was another man All the girls around her say she's got it coming But she gets it while she can Get back, get back Get back to where you once belonged Get back, get back Get back to where you once belonged Get back, Loretta! Go home Get back, get back Get back to where you once belonged Get back, get back Get back to where you once belonged Get back, Loretta Your mommy is waiting for you Wearing her high heel shoes and her low neck sweater Get Back home Loretta Get back, get back Get back to where you once belonged Get back, get back Get back to where you once belonged","Let It Be","John Lennon / Paul McCartney","get back"
